bowling_team,batting_team,over,total_runs
Chennai Super Kings,Deccan Chargers,1,4
Chennai Super Kings,Deccan Chargers,2,7
Chennai Super Kings,Deccan Chargers,3,4
Chennai Super Kings,Deccan Chargers,4,5
Chennai Super Kings,Deccan Chargers,5,5
Chennai Super Kings,Deccan Chargers,6,2
Chennai Super Kings,Deccan Chargers,7,2
Chennai Super Kings,Deccan Chargers,8,5
Chennai Super Kings,Deccan Chargers,9,3
Chennai Super Kings,Deccan Chargers,10,2
Chennai Super Kings,Deccan Chargers,11,1
Chennai Super Kings,Deccan Chargers,12,2
Chennai Super Kings,Deccan Chargers,13,4
Chennai Super Kings,Deccan Chargers,14,1
Chennai Super Kings,Deccan Chargers,15,5
Chennai Super Kings,Deccan Chargers,16,4
Chennai Super Kings,Deccan Chargers,17,2
Chennai Super Kings,Deccan Chargers,18,4
Chennai Super Kings,Deccan Chargers,19,4
Chennai Super Kings,Deccan Chargers,20,4
Chennai Super Kings,Delhi Daredevils,1,4
Chennai Super Kings,Delhi Daredevils,2,6
Chennai Super Kings,Delhi Daredevils,3,5
Chennai Super Kings,Delhi Daredevils,4,4
Chennai Super Kings,Delhi Daredevils,5,4
Chennai Super Kings,Delhi Daredevils,6,3
Chennai Super Kings,Delhi Daredevils,7,7
Chennai Super Kings,Delhi Daredevils,8,3
Chennai Super Kings,Delhi Daredevils,9,3
Chennai Super Kings,Delhi Daredevils,10,5
Chennai Super Kings,Delhi Daredevils,11,8
Chennai Super Kings,Delhi Daredevils,12,5
Chennai Super Kings,Delhi Daredevils,13,6
Chennai Super Kings,Delhi Daredevils,14,6
Chennai Super Kings,Delhi Daredevils,15,3
Chennai Super Kings,Delhi Daredevils,16,3
Chennai Super Kings,Delhi Daredevils,17,3
Chennai Super Kings,Delhi Daredevils,18,3
Chennai Super Kings,Delhi Daredevils,19,3
Chennai Super Kings,Delhi Daredevils,20,1
Chennai Super Kings,Kings XI Punjab,1,8
Chennai Super Kings,Kings XI Punjab,2,6
Chennai Super Kings,Kings XI Punjab,3,6
Chennai Super Kings,Kings XI Punjab,4,4
Chennai Super Kings,Kings XI Punjab,5,3
Chennai Super Kings,Kings XI Punjab,6,5
Chennai Super Kings,Kings XI Punjab,7,3
Chennai Super Kings,Kings XI Punjab,8,6
Chennai Super Kings,Kings XI Punjab,9,4
Chennai Super Kings,Kings XI Punjab,10,6
Chennai Super Kings,Kings XI Punjab,11,5
Chennai Super Kings,Kings XI Punjab,12,2
Chennai Super Kings,Kings XI Punjab,13,6
Chennai Super Kings,Kings XI Punjab,14,5
Chennai Super Kings,Kings XI Punjab,15,4
Chennai Super Kings,Kings XI Punjab,16,6
Chennai Super Kings,Kings XI Punjab,17,8
Chennai Super Kings,Kings XI Punjab,18,5
Chennai Super Kings,Kings XI Punjab,19,1
Chennai Super Kings,Kings XI Punjab,20,4
Chennai Super Kings,Kochi Tuskers Kerala,2,3
Chennai Super Kings,Kochi Tuskers Kerala,4,1
Chennai Super Kings,Kochi Tuskers Kerala,7,2
Chennai Super Kings,Kochi Tuskers Kerala,9,2
Chennai Super Kings,Kochi Tuskers Kerala,11,1
Chennai Super Kings,Kochi Tuskers Kerala,14,1
Chennai Super Kings,Kochi Tuskers Kerala,17,1
Chennai Super Kings,Kochi Tuskers Kerala,20,1
Chennai Super Kings,Kolkata Knight Riders,1,11
Chennai Super Kings,Kolkata Knight Riders,2,7
Chennai Super Kings,Kolkata Knight Riders,3,11
Chennai Super Kings,Kolkata Knight Riders,4,6
Chennai Super Kings,Kolkata Knight Riders,5,2
Chennai Super Kings,Kolkata Knight Riders,6,6
Chennai Super Kings,Kolkata Knight Riders,7,7
Chennai Super Kings,Kolkata Knight Riders,8,7
Chennai Super Kings,Kolkata Knight Riders,9,7
Chennai Super Kings,Kolkata Knight Riders,10,4
Chennai Super Kings,Kolkata Knight Riders,11,2
Chennai Super Kings,Kolkata Knight Riders,12,2
Chennai Super Kings,Kolkata Knight Riders,13,4
Chennai Super Kings,Kolkata Knight Riders,14,3
Chennai Super Kings,Kolkata Knight Riders,15,3
Chennai Super Kings,Kolkata Knight Riders,16,2
Chennai Super Kings,Kolkata Knight Riders,17,3
Chennai Super Kings,Kolkata Knight Riders,18,6
Chennai Super Kings,Kolkata Knight Riders,19,6
Chennai Super Kings,Kolkata Knight Riders,20,6
Chennai Super Kings,Mumbai Indians,1,6
Chennai Super Kings,Mumbai Indians,2,14
Chennai Super Kings,Mumbai Indians,3,9
Chennai Super Kings,Mumbai Indians,4,14
Chennai Super Kings,Mumbai Indians,5,8
Chennai Super Kings,Mumbai Indians,6,4
Chennai Super Kings,Mumbai Indians,7,6
Chennai Super Kings,Mumbai Indians,8,6
Chennai Super Kings,Mumbai Indians,9,4
Chennai Super Kings,Mumbai Indians,10,7
Chennai Super Kings,Mumbai Indians,11,10
Chennai Super Kings,Mumbai Indians,12,5
Chennai Super Kings,Mumbai Indians,13,4
Chennai Super Kings,Mumbai Indians,14,4
Chennai Super Kings,Mumbai Indians,15,4
Chennai Super Kings,Mumbai Indians,16,6
Chennai Super Kings,Mumbai Indians,17,7
Chennai Super Kings,Mumbai Indians,18,4
Chennai Super Kings,Mumbai Indians,19,8
Chennai Super Kings,Mumbai Indians,20,12
Chennai Super Kings,Pune Warriors,1,4
Chennai Super Kings,Pune Warriors,2,2
Chennai Super Kings,Pune Warriors,3,4
Chennai Super Kings,Pune Warriors,4,2
Chennai Super Kings,Pune Warriors,5,1
Chennai Super Kings,Pune Warriors,7,2
Chennai Super Kings,Pune Warriors,8,1
Chennai Super Kings,Pune Warriors,11,4
Chennai Super Kings,Pune Warriors,12,1
Chennai Super Kings,Pune Warriors,13,3
Chennai Super Kings,Pune Warriors,15,1
Chennai Super Kings,Pune Warriors,16,4
Chennai Super Kings,Pune Warriors,17,2
Chennai Super Kings,Pune Warriors,18,2
Chennai Super Kings,Pune Warriors,19,1
Chennai Super Kings,Pune Warriors,20,4
Chennai Super Kings,Rajasthan Royals,1,6
Chennai Super Kings,Rajasthan Royals,2,6
Chennai Super Kings,Rajasthan Royals,3,8
Chennai Super Kings,Rajasthan Royals,4,3
Chennai Super Kings,Rajasthan Royals,5,1
Chennai Super Kings,Rajasthan Royals,6,2
Chennai Super Kings,Rajasthan Royals,7,12
Chennai Super Kings,Rajasthan Royals,8,5
Chennai Super Kings,Rajasthan Royals,9,7
Chennai Super Kings,Rajasthan Royals,10,3
Chennai Super Kings,Rajasthan Royals,11,4
Chennai Super Kings,Rajasthan Royals,12,4
Chennai Super Kings,Rajasthan Royals,13,4
Chennai Super Kings,Rajasthan Royals,14,1
Chennai Super Kings,Rajasthan Royals,15,5
Chennai Super Kings,Rajasthan Royals,16,6
Chennai Super Kings,Rajasthan Royals,17,5
Chennai Super Kings,Rajasthan Royals,18,9
Chennai Super Kings,Rajasthan Royals,19,4
Chennai Super Kings,Rajasthan Royals,20,4
Chennai Super Kings,Royal Challengers Bangalore,1,6
Chennai Super Kings,Royal Challengers Bangalore,2,9
Chennai Super Kings,Royal Challengers Bangalore,3,4
Chennai Super Kings,Royal Challengers Bangalore,4,3
Chennai Super Kings,Royal Challengers Bangalore,5,5
Chennai Super Kings,Royal Challengers Bangalore,6,5
Chennai Super Kings,Royal Challengers Bangalore,7,10
Chennai Super Kings,Royal Challengers Bangalore,8,9
Chennai Super Kings,Royal Challengers Bangalore,9,9
Chennai Super Kings,Royal Challengers Bangalore,10,3
Chennai Super Kings,Royal Challengers Bangalore,11,4
Chennai Super Kings,Royal Challengers Bangalore,12,7
Chennai Super Kings,Royal Challengers Bangalore,13,4
Chennai Super Kings,Royal Challengers Bangalore,14,7
Chennai Super Kings,Royal Challengers Bangalore,15,5
Chennai Super Kings,Royal Challengers Bangalore,16,10
Chennai Super Kings,Royal Challengers Bangalore,17,9
Chennai Super Kings,Royal Challengers Bangalore,18,6
Chennai Super Kings,Royal Challengers Bangalore,19,3
Chennai Super Kings,Royal Challengers Bangalore,20,5
Chennai Super Kings,Sunrisers Hyderabad,1,1
Chennai Super Kings,Sunrisers Hyderabad,2,2
Chennai Super Kings,Sunrisers Hyderabad,3,2
Chennai Super Kings,Sunrisers Hyderabad,4,3
Chennai Super Kings,Sunrisers Hyderabad,5,1
Chennai Super Kings,Sunrisers Hyderabad,6,3
Chennai Super Kings,Sunrisers Hyderabad,7,3
Chennai Super Kings,Sunrisers Hyderabad,9,2
Chennai Super Kings,Sunrisers Hyderabad,10,3
Chennai Super Kings,Sunrisers Hyderabad,11,3
Chennai Super Kings,Sunrisers Hyderabad,14,1
Chennai Super Kings,Sunrisers Hyderabad,16,2
Chennai Super Kings,Sunrisers Hyderabad,17,3
Chennai Super Kings,Sunrisers Hyderabad,18,2
Chennai Super Kings,Sunrisers Hyderabad,19,2
Chennai Super Kings,Sunrisers Hyderabad,20,2
Deccan Chargers,Chennai Super Kings,1,4
Deccan Chargers,Chennai Super Kings,2,6
Deccan Chargers,Chennai Super Kings,3,1
Deccan Chargers,Chennai Super Kings,4,8
Deccan Chargers,Chennai Super Kings,5,5
Deccan Chargers,Chennai Super Kings,6,3
Deccan Chargers,Chennai Super Kings,7,1
Deccan Chargers,Chennai Super Kings,8,5
Deccan Chargers,Chennai Super Kings,9,2
Deccan Chargers,Chennai Super Kings,10,1
Deccan Chargers,Chennai Super Kings,11,4
Deccan Chargers,Chennai Super Kings,12,7
Deccan Chargers,Chennai Super Kings,13,4
Deccan Chargers,Chennai Super Kings,14,3
Deccan Chargers,Chennai Super Kings,15,3
Deccan Chargers,Chennai Super Kings,16,3
Deccan Chargers,Chennai Super Kings,17,3
Deccan Chargers,Chennai Super Kings,18,4
Deccan Chargers,Chennai Super Kings,19,3
Deccan Chargers,Chennai Super Kings,20,6
Deccan Chargers,Delhi Daredevils,1,2
Deccan Chargers,Delhi Daredevils,2,3
Deccan Chargers,Delhi Daredevils,3,2
Deccan Chargers,Delhi Daredevils,4,3
Deccan Chargers,Delhi Daredevils,5,6
Deccan Chargers,Delhi Daredevils,6,5
Deccan Chargers,Delhi Daredevils,7,3
Deccan Chargers,Delhi Daredevils,8,5
Deccan Chargers,Delhi Daredevils,9,4
Deccan Chargers,Delhi Daredevils,10,4
Deccan Chargers,Delhi Daredevils,11,4
Deccan Chargers,Delhi Daredevils,12,4
Deccan Chargers,Delhi Daredevils,13,2
Deccan Chargers,Delhi Daredevils,14,3
Deccan Chargers,Delhi Daredevils,15,3
Deccan Chargers,Delhi Daredevils,16,4
Deccan Chargers,Delhi Daredevils,17,5
Deccan Chargers,Delhi Daredevils,18,3
Deccan Chargers,Delhi Daredevils,19,4
Deccan Chargers,Delhi Daredevils,20,5
Deccan Chargers,Kings XI Punjab,1,6
Deccan Chargers,Kings XI Punjab,2,5
Deccan Chargers,Kings XI Punjab,3,5
Deccan Chargers,Kings XI Punjab,4,3
Deccan Chargers,Kings XI Punjab,5,5
Deccan Chargers,Kings XI Punjab,6,1
Deccan Chargers,Kings XI Punjab,7,3
Deccan Chargers,Kings XI Punjab,8,3
Deccan Chargers,Kings XI Punjab,9,1
Deccan Chargers,Kings XI Punjab,10,1
Deccan Chargers,Kings XI Punjab,11,7
Deccan Chargers,Kings XI Punjab,12,2
Deccan Chargers,Kings XI Punjab,13,2
Deccan Chargers,Kings XI Punjab,14,3
Deccan Chargers,Kings XI Punjab,15,2
Deccan Chargers,Kings XI Punjab,16,4
Deccan Chargers,Kings XI Punjab,17,3
Deccan Chargers,Kings XI Punjab,18,6
Deccan Chargers,Kings XI Punjab,19,2
Deccan Chargers,Kings XI Punjab,20,4
Deccan Chargers,Kochi Tuskers Kerala,2,2
Deccan Chargers,Kochi Tuskers Kerala,5,2
Deccan Chargers,Kochi Tuskers Kerala,9,1
Deccan Chargers,Kochi Tuskers Kerala,14,1
Deccan Chargers,Kolkata Knight Riders,1,4
Deccan Chargers,Kolkata Knight Riders,2,2
Deccan Chargers,Kolkata Knight Riders,3,3
Deccan Chargers,Kolkata Knight Riders,4,4
Deccan Chargers,Kolkata Knight Riders,5,6
Deccan Chargers,Kolkata Knight Riders,6,3
Deccan Chargers,Kolkata Knight Riders,7,2
Deccan Chargers,Kolkata Knight Riders,8,5
Deccan Chargers,Kolkata Knight Riders,9,2
Deccan Chargers,Kolkata Knight Riders,10,3
Deccan Chargers,Kolkata Knight Riders,11,3
Deccan Chargers,Kolkata Knight Riders,12,7
Deccan Chargers,Kolkata Knight Riders,13,3
Deccan Chargers,Kolkata Knight Riders,14,4
Deccan Chargers,Kolkata Knight Riders,15,2
Deccan Chargers,Kolkata Knight Riders,16,2
Deccan Chargers,Kolkata Knight Riders,17,6
Deccan Chargers,Kolkata Knight Riders,18,6
Deccan Chargers,Kolkata Knight Riders,19,8
Deccan Chargers,Kolkata Knight Riders,20,3
Deccan Chargers,Mumbai Indians,1,8
Deccan Chargers,Mumbai Indians,2,1
Deccan Chargers,Mumbai Indians,3,4
Deccan Chargers,Mumbai Indians,4,7
Deccan Chargers,Mumbai Indians,5,2
Deccan Chargers,Mumbai Indians,6,7
Deccan Chargers,Mumbai Indians,7,6
Deccan Chargers,Mumbai Indians,8,4
Deccan Chargers,Mumbai Indians,9,4
Deccan Chargers,Mumbai Indians,10,2
Deccan Chargers,Mumbai Indians,11,4
Deccan Chargers,Mumbai Indians,12,6
Deccan Chargers,Mumbai Indians,13,3
Deccan Chargers,Mumbai Indians,14,1
Deccan Chargers,Mumbai Indians,15,4
Deccan Chargers,Mumbai Indians,16,3
Deccan Chargers,Mumbai Indians,17,3
Deccan Chargers,Mumbai Indians,18,1
Deccan Chargers,Mumbai Indians,19,10
Deccan Chargers,Mumbai Indians,20,8
Deccan Chargers,Pune Warriors,1,1
Deccan Chargers,Pune Warriors,4,1
Deccan Chargers,Pune Warriors,5,3
Deccan Chargers,Pune Warriors,7,2
Deccan Chargers,Pune Warriors,9,3
Deccan Chargers,Pune Warriors,11,1
Deccan Chargers,Pune Warriors,14,2
Deccan Chargers,Pune Warriors,16,1
Deccan Chargers,Pune Warriors,17,4
Deccan Chargers,Pune Warriors,18,1
Deccan Chargers,Pune Warriors,19,2
Deccan Chargers,Rajasthan Royals,1,1
Deccan Chargers,Rajasthan Royals,2,1
Deccan Chargers,Rajasthan Royals,3,5
Deccan Chargers,Rajasthan Royals,4,4
Deccan Chargers,Rajasthan Royals,5,2
Deccan Chargers,Rajasthan Royals,6,4
Deccan Chargers,Rajasthan Royals,7,3
Deccan Chargers,Rajasthan Royals,8,2
Deccan Chargers,Rajasthan Royals,9,2
Deccan Chargers,Rajasthan Royals,11,3
Deccan Chargers,Rajasthan Royals,12,1
Deccan Chargers,Rajasthan Royals,13,3
Deccan Chargers,Rajasthan Royals,14,4
Deccan Chargers,Rajasthan Royals,15,4
Deccan Chargers,Rajasthan Royals,16,1
Deccan Chargers,Rajasthan Royals,17,1
Deccan Chargers,Rajasthan Royals,18,3
Deccan Chargers,Rajasthan Royals,19,6
Deccan Chargers,Rajasthan Royals,20,1
Deccan Chargers,Royal Challengers Bangalore,1,3
Deccan Chargers,Royal Challengers Bangalore,2,4
Deccan Chargers,Royal Challengers Bangalore,3,3
Deccan Chargers,Royal Challengers Bangalore,4,3
Deccan Chargers,Royal Challengers Bangalore,5,7
Deccan Chargers,Royal Challengers Bangalore,6,3
Deccan Chargers,Royal Challengers Bangalore,8,3
Deccan Chargers,Royal Challengers Bangalore,9,4
Deccan Chargers,Royal Challengers Bangalore,10,3
Deccan Chargers,Royal Challengers Bangalore,11,1
Deccan Chargers,Royal Challengers Bangalore,12,3
Deccan Chargers,Royal Challengers Bangalore,13,2
Deccan Chargers,Royal Challengers Bangalore,14,4
Deccan Chargers,Royal Challengers Bangalore,15,4
Deccan Chargers,Royal Challengers Bangalore,16,2
Deccan Chargers,Royal Challengers Bangalore,17,4
Deccan Chargers,Royal Challengers Bangalore,18,3
Deccan Chargers,Royal Challengers Bangalore,19,4
Deccan Chargers,Royal Challengers Bangalore,20,5
Delhi Daredevils,Chennai Super Kings,1,6
Delhi Daredevils,Chennai Super Kings,2,7
Delhi Daredevils,Chennai Super Kings,3,4
Delhi Daredevils,Chennai Super Kings,4,7
Delhi Daredevils,Chennai Super Kings,5,4
Delhi Daredevils,Chennai Super Kings,6,7
Delhi Daredevils,Chennai Super Kings,7,5
Delhi Daredevils,Chennai Super Kings,8,6
Delhi Daredevils,Chennai Super Kings,9,4
Delhi Daredevils,Chennai Super Kings,10,1
Delhi Daredevils,Chennai Super Kings,11,3
Delhi Daredevils,Chennai Super Kings,12,2
Delhi Daredevils,Chennai Super Kings,13,7
Delhi Daredevils,Chennai Super Kings,14,2
Delhi Daredevils,Chennai Super Kings,15,7
Delhi Daredevils,Chennai Super Kings,16,5
Delhi Daredevils,Chennai Super Kings,17,6
Delhi Daredevils,Chennai Super Kings,18,5
Delhi Daredevils,Chennai Super Kings,19,6
Delhi Daredevils,Chennai Super Kings,20,5
Delhi Daredevils,Deccan Chargers,1,7
Delhi Daredevils,Deccan Chargers,2,4
Delhi Daredevils,Deccan Chargers,3,2
Delhi Daredevils,Deccan Chargers,4,4
Delhi Daredevils,Deccan Chargers,5,2
Delhi Daredevils,Deccan Chargers,6,2
Delhi Daredevils,Deccan Chargers,7,3
Delhi Daredevils,Deccan Chargers,8,2
Delhi Daredevils,Deccan Chargers,9,1
Delhi Daredevils,Deccan Chargers,10,2
Delhi Daredevils,Deccan Chargers,11,5
Delhi Daredevils,Deccan Chargers,12,3
Delhi Daredevils,Deccan Chargers,13,3
Delhi Daredevils,Deccan Chargers,15,6
Delhi Daredevils,Deccan Chargers,16,2
Delhi Daredevils,Deccan Chargers,17,2
Delhi Daredevils,Deccan Chargers,18,2
Delhi Daredevils,Deccan Chargers,19,2
Delhi Daredevils,Deccan Chargers,20,3
Delhi Daredevils,Gujarat Lions,2,4
Delhi Daredevils,Gujarat Lions,4,1
Delhi Daredevils,Gujarat Lions,5,1
Delhi Daredevils,Gujarat Lions,6,1
Delhi Daredevils,Gujarat Lions,8,1
Delhi Daredevils,Gujarat Lions,9,1
Delhi Daredevils,Gujarat Lions,10,1
Delhi Daredevils,Gujarat Lions,12,1
Delhi Daredevils,Gujarat Lions,13,3
Delhi Daredevils,Gujarat Lions,15,1
Delhi Daredevils,Gujarat Lions,16,2
Delhi Daredevils,Gujarat Lions,17,2
Delhi Daredevils,Gujarat Lions,18,1
Delhi Daredevils,Gujarat Lions,20,2
Delhi Daredevils,Kings XI Punjab,1,13
Delhi Daredevils,Kings XI Punjab,2,8
Delhi Daredevils,Kings XI Punjab,3,12
Delhi Daredevils,Kings XI Punjab,4,7
Delhi Daredevils,Kings XI Punjab,5,7
Delhi Daredevils,Kings XI Punjab,6,9
Delhi Daredevils,Kings XI Punjab,7,8
Delhi Daredevils,Kings XI Punjab,8,8
Delhi Daredevils,Kings XI Punjab,9,5
Delhi Daredevils,Kings XI Punjab,10,5
Delhi Daredevils,Kings XI Punjab,11,3
Delhi Daredevils,Kings XI Punjab,12,6
Delhi Daredevils,Kings XI Punjab,13,1
Delhi Daredevils,Kings XI Punjab,14,4
Delhi Daredevils,Kings XI Punjab,15,6
Delhi Daredevils,Kings XI Punjab,16,4
Delhi Daredevils,Kings XI Punjab,17,6
Delhi Daredevils,Kings XI Punjab,18,4
Delhi Daredevils,Kings XI Punjab,19,5
Delhi Daredevils,Kings XI Punjab,20,3
Delhi Daredevils,Kochi Tuskers Kerala,1,5
Delhi Daredevils,Kochi Tuskers Kerala,3,1
Delhi Daredevils,Kochi Tuskers Kerala,4,3
Delhi Daredevils,Kochi Tuskers Kerala,6,3
Delhi Daredevils,Kochi Tuskers Kerala,8,3
Delhi Daredevils,Kochi Tuskers Kerala,10,2
Delhi Daredevils,Kochi Tuskers Kerala,13,1
Delhi Daredevils,Kolkata Knight Riders,1,12
Delhi Daredevils,Kolkata Knight Riders,2,14
Delhi Daredevils,Kolkata Knight Riders,3,9
Delhi Daredevils,Kolkata Knight Riders,4,4
Delhi Daredevils,Kolkata Knight Riders,5,6
Delhi Daredevils,Kolkata Knight Riders,6,8
Delhi Daredevils,Kolkata Knight Riders,7,8
Delhi Daredevils,Kolkata Knight Riders,8,2
Delhi Daredevils,Kolkata Knight Riders,9,4
Delhi Daredevils,Kolkata Knight Riders,10,10
Delhi Daredevils,Kolkata Knight Riders,11,5
Delhi Daredevils,Kolkata Knight Riders,12,5
Delhi Daredevils,Kolkata Knight Riders,13,7
Delhi Daredevils,Kolkata Knight Riders,14,8
Delhi Daredevils,Kolkata Knight Riders,15,5
Delhi Daredevils,Kolkata Knight Riders,16,7
Delhi Daredevils,Kolkata Knight Riders,17,11
Delhi Daredevils,Kolkata Knight Riders,18,5
Delhi Daredevils,Kolkata Knight Riders,19,3
Delhi Daredevils,Kolkata Knight Riders,20,2
Delhi Daredevils,Mumbai Indians,1,17
Delhi Daredevils,Mumbai Indians,2,9
Delhi Daredevils,Mumbai Indians,3,9
Delhi Daredevils,Mumbai Indians,4,15
Delhi Daredevils,Mumbai Indians,5,5
Delhi Daredevils,Mumbai Indians,6,7
Delhi Daredevils,Mumbai Indians,7,9
Delhi Daredevils,Mumbai Indians,8,6
Delhi Daredevils,Mumbai Indians,9,8
Delhi Daredevils,Mumbai Indians,10,9
Delhi Daredevils,Mumbai Indians,11,1
Delhi Daredevils,Mumbai Indians,12,6
Delhi Daredevils,Mumbai Indians,13,10
Delhi Daredevils,Mumbai Indians,14,3
Delhi Daredevils,Mumbai Indians,15,5
Delhi Daredevils,Mumbai Indians,16,9
Delhi Daredevils,Mumbai Indians,17,11
Delhi Daredevils,Mumbai Indians,18,9
Delhi Daredevils,Mumbai Indians,19,10
Delhi Daredevils,Mumbai Indians,20,9
Delhi Daredevils,Pune Warriors,3,1
Delhi Daredevils,Pune Warriors,4,2
Delhi Daredevils,Pune Warriors,5,3
Delhi Daredevils,Pune Warriors,6,6
Delhi Daredevils,Pune Warriors,7,1
Delhi Daredevils,Pune Warriors,8,1
Delhi Daredevils,Pune Warriors,9,4
Delhi Daredevils,Pune Warriors,10,2
Delhi Daredevils,Pune Warriors,11,1
Delhi Daredevils,Pune Warriors,12,1
Delhi Daredevils,Pune Warriors,13,1
Delhi Daredevils,Pune Warriors,14,1
Delhi Daredevils,Pune Warriors,15,3
Delhi Daredevils,Pune Warriors,16,1
Delhi Daredevils,Pune Warriors,17,2
Delhi Daredevils,Pune Warriors,18,1
Delhi Daredevils,Pune Warriors,19,2
Delhi Daredevils,Pune Warriors,20,2
Delhi Daredevils,Rajasthan Royals,1,11
Delhi Daredevils,Rajasthan Royals,2,7
Delhi Daredevils,Rajasthan Royals,3,8
Delhi Daredevils,Rajasthan Royals,4,10
Delhi Daredevils,Rajasthan Royals,5,2
Delhi Daredevils,Rajasthan Royals,6,3
Delhi Daredevils,Rajasthan Royals,7,5
Delhi Daredevils,Rajasthan Royals,8,4
Delhi Daredevils,Rajasthan Royals,9,9
Delhi Daredevils,Rajasthan Royals,10,5
Delhi Daredevils,Rajasthan Royals,11,6
Delhi Daredevils,Rajasthan Royals,12,5
Delhi Daredevils,Rajasthan Royals,13,4
Delhi Daredevils,Rajasthan Royals,14,6
Delhi Daredevils,Rajasthan Royals,15,6
Delhi Daredevils,Rajasthan Royals,16,3
Delhi Daredevils,Rajasthan Royals,17,5
Delhi Daredevils,Rajasthan Royals,18,2
Delhi Daredevils,Rajasthan Royals,19,1
Delhi Daredevils,Rajasthan Royals,20,3
Delhi Daredevils,Rising Pune Supergiant,1,2
Delhi Daredevils,Rising Pune Supergiant,2,1
Delhi Daredevils,Rising Pune Supergiant,6,2
Delhi Daredevils,Rising Pune Supergiant,7,1
Delhi Daredevils,Rising Pune Supergiant,13,1
Delhi Daredevils,Rising Pune Supergiant,15,1
Delhi Daredevils,Rising Pune Supergiant,16,1
Delhi Daredevils,Rising Pune Supergiant,17,1
Delhi Daredevils,Rising Pune Supergiant,20,2
Delhi Daredevils,Rising Pune Supergiants,1,2
Delhi Daredevils,Rising Pune Supergiants,2,1
Delhi Daredevils,Rising Pune Supergiants,4,1
Delhi Daredevils,Rising Pune Supergiants,6,2
Delhi Daredevils,Rising Pune Supergiants,11,4
Delhi Daredevils,Rising Pune Supergiants,12,1
Delhi Daredevils,Rising Pune Supergiants,16,1
Delhi Daredevils,Rising Pune Supergiants,18,1
Delhi Daredevils,Rising Pune Supergiants,20,1
Delhi Daredevils,Royal Challengers Bangalore,1,5
Delhi Daredevils,Royal Challengers Bangalore,2,7
Delhi Daredevils,Royal Challengers Bangalore,3,6
Delhi Daredevils,Royal Challengers Bangalore,4,7
Delhi Daredevils,Royal Challengers Bangalore,5,7
Delhi Daredevils,Royal Challengers Bangalore,6,5
Delhi Daredevils,Royal Challengers Bangalore,7,2
Delhi Daredevils,Royal Challengers Bangalore,8,3
Delhi Daredevils,Royal Challengers Bangalore,9,5
Delhi Daredevils,Royal Challengers Bangalore,10,5
Delhi Daredevils,Royal Challengers Bangalore,12,4
Delhi Daredevils,Royal Challengers Bangalore,13,4
Delhi Daredevils,Royal Challengers Bangalore,14,7
Delhi Daredevils,Royal Challengers Bangalore,15,2
Delhi Daredevils,Royal Challengers Bangalore,16,4
Delhi Daredevils,Royal Challengers Bangalore,17,7
Delhi Daredevils,Royal Challengers Bangalore,18,7
Delhi Daredevils,Royal Challengers Bangalore,19,10
Delhi Daredevils,Royal Challengers Bangalore,20,6
Delhi Daredevils,Sunrisers Hyderabad,1,5
Delhi Daredevils,Sunrisers Hyderabad,2,8
Delhi Daredevils,Sunrisers Hyderabad,3,1
Delhi Daredevils,Sunrisers Hyderabad,4,2
Delhi Daredevils,Sunrisers Hyderabad,5,1
Delhi Daredevils,Sunrisers Hyderabad,6,4
Delhi Daredevils,Sunrisers Hyderabad,7,1
Delhi Daredevils,Sunrisers Hyderabad,8,1
Delhi Daredevils,Sunrisers Hyderabad,10,4
Delhi Daredevils,Sunrisers Hyderabad,11,1
Delhi Daredevils,Sunrisers Hyderabad,12,3
Delhi Daredevils,Sunrisers Hyderabad,13,1
Delhi Daredevils,Sunrisers Hyderabad,14,3
Delhi Daredevils,Sunrisers Hyderabad,15,1
Delhi Daredevils,Sunrisers Hyderabad,16,2
Delhi Daredevils,Sunrisers Hyderabad,17,1
Delhi Daredevils,Sunrisers Hyderabad,18,3
Delhi Daredevils,Sunrisers Hyderabad,20,2
Gujarat Lions,Delhi Daredevils,1,2
Gujarat Lions,Delhi Daredevils,2,1
Gujarat Lions,Delhi Daredevils,3,3
Gujarat Lions,Delhi Daredevils,4,2
Gujarat Lions,Delhi Daredevils,8,1
Gujarat Lions,Delhi Daredevils,11,1
Gujarat Lions,Delhi Daredevils,12,1
Gujarat Lions,Delhi Daredevils,13,1
Gujarat Lions,Delhi Daredevils,15,1
Gujarat Lions,Delhi Daredevils,16,1
Gujarat Lions,Delhi Daredevils,17,1
Gujarat Lions,Delhi Daredevils,18,4
Gujarat Lions,Delhi Daredevils,20,1
Gujarat Lions,Kings XI Punjab,4,3
Gujarat Lions,Kings XI Punjab,5,3
Gujarat Lions,Kings XI Punjab,7,4
Gujarat Lions,Kings XI Punjab,9,2
Gujarat Lions,Kings XI Punjab,10,1
Gujarat Lions,Kings XI Punjab,12,2
Gujarat Lions,Kings XI Punjab,15,2
Gujarat Lions,Kings XI Punjab,17,2
Gujarat Lions,Kolkata Knight Riders,3,4
Gujarat Lions,Kolkata Knight Riders,6,3
Gujarat Lions,Kolkata Knight Riders,7,1
Gujarat Lions,Kolkata Knight Riders,8,2
Gujarat Lions,Kolkata Knight Riders,9,2
Gujarat Lions,Kolkata Knight Riders,11,2
Gujarat Lions,Kolkata Knight Riders,12,2
Gujarat Lions,Kolkata Knight Riders,14,1
Gujarat Lions,Kolkata Knight Riders,15,3
Gujarat Lions,Kolkata Knight Riders,17,1
Gujarat Lions,Kolkata Knight Riders,18,1
Gujarat Lions,Kolkata Knight Riders,20,1
Gujarat Lions,Mumbai Indians,1,1
Gujarat Lions,Mumbai Indians,2,1
Gujarat Lions,Mumbai Indians,3,5
Gujarat Lions,Mumbai Indians,5,2
Gujarat Lions,Mumbai Indians,7,1
Gujarat Lions,Mumbai Indians,8,3
Gujarat Lions,Mumbai Indians,9,1
Gujarat Lions,Mumbai Indians,10,1
Gujarat Lions,Mumbai Indians,12,2
Gujarat Lions,Mumbai Indians,15,2
Gujarat Lions,Mumbai Indians,17,4
Gujarat Lions,Mumbai Indians,18,1
Gujarat Lions,Mumbai Indians,19,5
Gujarat Lions,Rising Pune Supergiant,1,2
Gujarat Lions,Rising Pune Supergiant,2,1
Gujarat Lions,Rising Pune Supergiant,3,1
Gujarat Lions,Rising Pune Supergiant,11,1
Gujarat Lions,Rising Pune Supergiant,13,2
Gujarat Lions,Rising Pune Supergiant,16,2
Gujarat Lions,Rising Pune Supergiant,18,1
Gujarat Lions,Rising Pune Supergiant,19,1
Gujarat Lions,Rising Pune Supergiant,20,1
Gujarat Lions,Rising Pune Supergiants,2,1
Gujarat Lions,Rising Pune Supergiants,5,1
Gujarat Lions,Rising Pune Supergiants,7,1
Gujarat Lions,Rising Pune Supergiants,10,1
Gujarat Lions,Rising Pune Supergiants,14,1
Gujarat Lions,Rising Pune Supergiants,17,3
Gujarat Lions,Royal Challengers Bangalore,1,4
Gujarat Lions,Royal Challengers Bangalore,2,1
Gujarat Lions,Royal Challengers Bangalore,3,3
Gujarat Lions,Royal Challengers Bangalore,4,1
Gujarat Lions,Royal Challengers Bangalore,5,1
Gujarat Lions,Royal Challengers Bangalore,9,3
Gujarat Lions,Royal Challengers Bangalore,10,1
Gujarat Lions,Royal Challengers Bangalore,11,3
Gujarat Lions,Royal Challengers Bangalore,12,1
Gujarat Lions,Royal Challengers Bangalore,13,1
Gujarat Lions,Royal Challengers Bangalore,15,2
Gujarat Lions,Royal Challengers Bangalore,17,3
Gujarat Lions,Royal Challengers Bangalore,18,4
Gujarat Lions,Royal Challengers Bangalore,20,1
Gujarat Lions,Sunrisers Hyderabad,1,2
Gujarat Lions,Sunrisers Hyderabad,2,3
Gujarat Lions,Sunrisers Hyderabad,3,2
Gujarat Lions,Sunrisers Hyderabad,5,1
Gujarat Lions,Sunrisers Hyderabad,7,1
Gujarat Lions,Sunrisers Hyderabad,8,1
Gujarat Lions,Sunrisers Hyderabad,9,3
Gujarat Lions,Sunrisers Hyderabad,10,2
Gujarat Lions,Sunrisers Hyderabad,12,1
Gujarat Lions,Sunrisers Hyderabad,17,3
Gujarat Lions,Sunrisers Hyderabad,19,1
Kings XI Punjab,Chennai Super Kings,1,6
Kings XI Punjab,Chennai Super Kings,2,8
Kings XI Punjab,Chennai Super Kings,3,6
Kings XI Punjab,Chennai Super Kings,4,6
Kings XI Punjab,Chennai Super Kings,5,9
Kings XI Punjab,Chennai Super Kings,6,10
Kings XI Punjab,Chennai Super Kings,7,9
Kings XI Punjab,Chennai Super Kings,8,5
Kings XI Punjab,Chennai Super Kings,9,2
Kings XI Punjab,Chennai Super Kings,10,4
Kings XI Punjab,Chennai Super Kings,11,4
Kings XI Punjab,Chennai Super Kings,12,4
Kings XI Punjab,Chennai Super Kings,13,5
Kings XI Punjab,Chennai Super Kings,14,5
Kings XI Punjab,Chennai Super Kings,15,3
Kings XI Punjab,Chennai Super Kings,16,6
Kings XI Punjab,Chennai Super Kings,17,3
Kings XI Punjab,Chennai Super Kings,18,6
Kings XI Punjab,Chennai Super Kings,19,6
Kings XI Punjab,Chennai Super Kings,20,6
Kings XI Punjab,Deccan Chargers,1,1
Kings XI Punjab,Deccan Chargers,2,6
Kings XI Punjab,Deccan Chargers,3,2
Kings XI Punjab,Deccan Chargers,4,2
Kings XI Punjab,Deccan Chargers,5,4
Kings XI Punjab,Deccan Chargers,6,5
Kings XI Punjab,Deccan Chargers,7,3
Kings XI Punjab,Deccan Chargers,8,2
Kings XI Punjab,Deccan Chargers,9,1
Kings XI Punjab,Deccan Chargers,10,1
Kings XI Punjab,Deccan Chargers,11,2
Kings XI Punjab,Deccan Chargers,13,1
Kings XI Punjab,Deccan Chargers,14,1
Kings XI Punjab,Deccan Chargers,15,3
Kings XI Punjab,Deccan Chargers,16,5
Kings XI Punjab,Deccan Chargers,18,3
Kings XI Punjab,Deccan Chargers,19,8
Kings XI Punjab,Deccan Chargers,20,3
Kings XI Punjab,Delhi Daredevils,1,9
Kings XI Punjab,Delhi Daredevils,2,9
Kings XI Punjab,Delhi Daredevils,3,15
Kings XI Punjab,Delhi Daredevils,4,4
Kings XI Punjab,Delhi Daredevils,5,11
Kings XI Punjab,Delhi Daredevils,6,8
Kings XI Punjab,Delhi Daredevils,7,12
Kings XI Punjab,Delhi Daredevils,8,7
Kings XI Punjab,Delhi Daredevils,9,6
Kings XI Punjab,Delhi Daredevils,10,6
Kings XI Punjab,Delhi Daredevils,11,7
Kings XI Punjab,Delhi Daredevils,12,1
Kings XI Punjab,Delhi Daredevils,13,5
Kings XI Punjab,Delhi Daredevils,14,8
Kings XI Punjab,Delhi Daredevils,15,5
Kings XI Punjab,Delhi Daredevils,16,10
Kings XI Punjab,Delhi Daredevils,17,7
Kings XI Punjab,Delhi Daredevils,18,3
Kings XI Punjab,Delhi Daredevils,19,1
Kings XI Punjab,Delhi Daredevils,20,3
Kings XI Punjab,Gujarat Lions,1,1
Kings XI Punjab,Gujarat Lions,5,4
Kings XI Punjab,Gujarat Lions,7,1
Kings XI Punjab,Gujarat Lions,9,1
Kings XI Punjab,Gujarat Lions,10,2
Kings XI Punjab,Gujarat Lions,11,2
Kings XI Punjab,Gujarat Lions,15,2
Kings XI Punjab,Gujarat Lions,16,2
Kings XI Punjab,Gujarat Lions,18,3
Kings XI Punjab,Gujarat Lions,19,2
Kings XI Punjab,Gujarat Lions,20,2
Kings XI Punjab,Kochi Tuskers Kerala,1,3
Kings XI Punjab,Kochi Tuskers Kerala,2,1
Kings XI Punjab,Kochi Tuskers Kerala,4,1
Kings XI Punjab,Kochi Tuskers Kerala,6,1
Kings XI Punjab,Kochi Tuskers Kerala,8,2
Kings XI Punjab,Kochi Tuskers Kerala,17,1
Kings XI Punjab,Kochi Tuskers Kerala,18,2
Kings XI Punjab,Kolkata Knight Riders,1,11
Kings XI Punjab,Kolkata Knight Riders,2,9
Kings XI Punjab,Kolkata Knight Riders,3,5
Kings XI Punjab,Kolkata Knight Riders,4,4
Kings XI Punjab,Kolkata Knight Riders,5,11
Kings XI Punjab,Kolkata Knight Riders,6,3
Kings XI Punjab,Kolkata Knight Riders,7,5
Kings XI Punjab,Kolkata Knight Riders,8,2
Kings XI Punjab,Kolkata Knight Riders,9,8
Kings XI Punjab,Kolkata Knight Riders,10,4
Kings XI Punjab,Kolkata Knight Riders,11,8
Kings XI Punjab,Kolkata Knight Riders,12,11
Kings XI Punjab,Kolkata Knight Riders,13,3
Kings XI Punjab,Kolkata Knight Riders,14,8
Kings XI Punjab,Kolkata Knight Riders,15,2
Kings XI Punjab,Kolkata Knight Riders,16,8
Kings XI Punjab,Kolkata Knight Riders,17,6
Kings XI Punjab,Kolkata Knight Riders,18,8
Kings XI Punjab,Kolkata Knight Riders,19,3
Kings XI Punjab,Kolkata Knight Riders,20,8
Kings XI Punjab,Mumbai Indians,1,10
Kings XI Punjab,Mumbai Indians,2,11
Kings XI Punjab,Mumbai Indians,3,5
Kings XI Punjab,Mumbai Indians,4,8
Kings XI Punjab,Mumbai Indians,5,6
Kings XI Punjab,Mumbai Indians,6,7
Kings XI Punjab,Mumbai Indians,7,6
Kings XI Punjab,Mumbai Indians,8,10
Kings XI Punjab,Mumbai Indians,9,3
Kings XI Punjab,Mumbai Indians,11,6
Kings XI Punjab,Mumbai Indians,12,2
Kings XI Punjab,Mumbai Indians,13,7
Kings XI Punjab,Mumbai Indians,14,5
Kings XI Punjab,Mumbai Indians,15,8
Kings XI Punjab,Mumbai Indians,16,13
Kings XI Punjab,Mumbai Indians,17,7
Kings XI Punjab,Mumbai Indians,18,6
Kings XI Punjab,Mumbai Indians,19,3
Kings XI Punjab,Mumbai Indians,20,13
Kings XI Punjab,Pune Warriors,1,2
Kings XI Punjab,Pune Warriors,2,2
Kings XI Punjab,Pune Warriors,3,3
Kings XI Punjab,Pune Warriors,4,3
Kings XI Punjab,Pune Warriors,5,2
Kings XI Punjab,Pune Warriors,6,1
Kings XI Punjab,Pune Warriors,7,3
Kings XI Punjab,Pune Warriors,8,1
Kings XI Punjab,Pune Warriors,9,1
Kings XI Punjab,Pune Warriors,10,2
Kings XI Punjab,Pune Warriors,11,1
Kings XI Punjab,Pune Warriors,13,3
Kings XI Punjab,Pune Warriors,14,2
Kings XI Punjab,Pune Warriors,15,2
Kings XI Punjab,Pune Warriors,16,3
Kings XI Punjab,Pune Warriors,17,1
Kings XI Punjab,Pune Warriors,18,2
Kings XI Punjab,Pune Warriors,19,7
Kings XI Punjab,Pune Warriors,20,1
Kings XI Punjab,Rajasthan Royals,1,11
Kings XI Punjab,Rajasthan Royals,2,6
Kings XI Punjab,Rajasthan Royals,3,7
Kings XI Punjab,Rajasthan Royals,4,10
Kings XI Punjab,Rajasthan Royals,5,7
Kings XI Punjab,Rajasthan Royals,6,5
Kings XI Punjab,Rajasthan Royals,7,5
Kings XI Punjab,Rajasthan Royals,8,3
Kings XI Punjab,Rajasthan Royals,9,5
Kings XI Punjab,Rajasthan Royals,10,3
Kings XI Punjab,Rajasthan Royals,11,5
Kings XI Punjab,Rajasthan Royals,12,7
Kings XI Punjab,Rajasthan Royals,13,6
Kings XI Punjab,Rajasthan Royals,14,1
Kings XI Punjab,Rajasthan Royals,15,7
Kings XI Punjab,Rajasthan Royals,16,2
Kings XI Punjab,Rajasthan Royals,17,5
Kings XI Punjab,Rajasthan Royals,18,6
Kings XI Punjab,Rajasthan Royals,19,10
Kings XI Punjab,Rajasthan Royals,20,1
Kings XI Punjab,Rising Pune Supergiant,3,1
Kings XI Punjab,Rising Pune Supergiant,9,2
Kings XI Punjab,Rising Pune Supergiant,11,1
Kings XI Punjab,Rising Pune Supergiant,18,3
Kings XI Punjab,Rising Pune Supergiants,2,1
Kings XI Punjab,Rising Pune Supergiants,4,1
Kings XI Punjab,Rising Pune Supergiants,5,1
Kings XI Punjab,Rising Pune Supergiants,6,2
Kings XI Punjab,Rising Pune Supergiants,8,2
Kings XI Punjab,Rising Pune Supergiants,11,2
Kings XI Punjab,Rising Pune Supergiants,12,1
Kings XI Punjab,Rising Pune Supergiants,13,1
Kings XI Punjab,Rising Pune Supergiants,15,1
Kings XI Punjab,Rising Pune Supergiants,18,3
Kings XI Punjab,Rising Pune Supergiants,20,1
Kings XI Punjab,Royal Challengers Bangalore,1,2
Kings XI Punjab,Royal Challengers Bangalore,2,10
Kings XI Punjab,Royal Challengers Bangalore,3,6
Kings XI Punjab,Royal Challengers Bangalore,4,6
Kings XI Punjab,Royal Challengers Bangalore,5,3
Kings XI Punjab,Royal Challengers Bangalore,6,3
Kings XI Punjab,Royal Challengers Bangalore,7,8
Kings XI Punjab,Royal Challengers Bangalore,8,2
Kings XI Punjab,Royal Challengers Bangalore,9,8
Kings XI Punjab,Royal Challengers Bangalore,10,6
Kings XI Punjab,Royal Challengers Bangalore,11,4
Kings XI Punjab,Royal Challengers Bangalore,12,6
Kings XI Punjab,Royal Challengers Bangalore,13,8
Kings XI Punjab,Royal Challengers Bangalore,14,2
Kings XI Punjab,Royal Challengers Bangalore,15,6
Kings XI Punjab,Royal Challengers Bangalore,16,6
Kings XI Punjab,Royal Challengers Bangalore,17,8
Kings XI Punjab,Royal Challengers Bangalore,18,8
Kings XI Punjab,Royal Challengers Bangalore,19,10
Kings XI Punjab,Royal Challengers Bangalore,20,11
Kings XI Punjab,Sunrisers Hyderabad,1,3
Kings XI Punjab,Sunrisers Hyderabad,2,4
Kings XI Punjab,Sunrisers Hyderabad,3,3
Kings XI Punjab,Sunrisers Hyderabad,4,6
Kings XI Punjab,Sunrisers Hyderabad,5,3
Kings XI Punjab,Sunrisers Hyderabad,6,3
Kings XI Punjab,Sunrisers Hyderabad,7,2
Kings XI Punjab,Sunrisers Hyderabad,8,4
Kings XI Punjab,Sunrisers Hyderabad,9,2
Kings XI Punjab,Sunrisers Hyderabad,10,3
Kings XI Punjab,Sunrisers Hyderabad,11,1
Kings XI Punjab,Sunrisers Hyderabad,12,3
Kings XI Punjab,Sunrisers Hyderabad,14,3
Kings XI Punjab,Sunrisers Hyderabad,15,2
Kings XI Punjab,Sunrisers Hyderabad,16,3
Kings XI Punjab,Sunrisers Hyderabad,17,3
Kings XI Punjab,Sunrisers Hyderabad,18,1
Kings XI Punjab,Sunrisers Hyderabad,19,3
Kings XI Punjab,Sunrisers Hyderabad,20,5
Kochi Tuskers Kerala,Chennai Super Kings,3,1
Kochi Tuskers Kerala,Chennai Super Kings,6,1
Kochi Tuskers Kerala,Chennai Super Kings,11,1
Kochi Tuskers Kerala,Chennai Super Kings,15,1
Kochi Tuskers Kerala,Chennai Super Kings,19,2
Kochi Tuskers Kerala,Chennai Super Kings,20,1
Kochi Tuskers Kerala,Deccan Chargers,1,1
Kochi Tuskers Kerala,Deccan Chargers,4,3
Kochi Tuskers Kerala,Deccan Chargers,16,1
Kochi Tuskers Kerala,Deccan Chargers,19,1
Kochi Tuskers Kerala,Deccan Chargers,20,1
Kochi Tuskers Kerala,Delhi Daredevils,1,1
Kochi Tuskers Kerala,Delhi Daredevils,4,2
Kochi Tuskers Kerala,Delhi Daredevils,6,4
Kochi Tuskers Kerala,Delhi Daredevils,7,1
Kochi Tuskers Kerala,Delhi Daredevils,8,1
Kochi Tuskers Kerala,Delhi Daredevils,9,2
Kochi Tuskers Kerala,Delhi Daredevils,11,3
Kochi Tuskers Kerala,Delhi Daredevils,15,1
Kochi Tuskers Kerala,Delhi Daredevils,16,1
Kochi Tuskers Kerala,Delhi Daredevils,20,1
Kochi Tuskers Kerala,Kings XI Punjab,1,2
Kochi Tuskers Kerala,Kings XI Punjab,4,1
Kochi Tuskers Kerala,Kings XI Punjab,10,1
Kochi Tuskers Kerala,Kings XI Punjab,15,1
Kochi Tuskers Kerala,Kings XI Punjab,17,1
Kochi Tuskers Kerala,Kings XI Punjab,18,1
Kochi Tuskers Kerala,Kolkata Knight Riders,1,1
Kochi Tuskers Kerala,Kolkata Knight Riders,2,1
Kochi Tuskers Kerala,Kolkata Knight Riders,5,1
Kochi Tuskers Kerala,Kolkata Knight Riders,10,1
Kochi Tuskers Kerala,Kolkata Knight Riders,12,1
Kochi Tuskers Kerala,Kolkata Knight Riders,17,1
Kochi Tuskers Kerala,Kolkata Knight Riders,18,1
Kochi Tuskers Kerala,Mumbai Indians,1,2
Kochi Tuskers Kerala,Mumbai Indians,2,3
Kochi Tuskers Kerala,Mumbai Indians,5,1
Kochi Tuskers Kerala,Mumbai Indians,6,1
Kochi Tuskers Kerala,Mumbai Indians,7,2
Kochi Tuskers Kerala,Mumbai Indians,8,1
Kochi Tuskers Kerala,Mumbai Indians,13,1
Kochi Tuskers Kerala,Mumbai Indians,16,2
Kochi Tuskers Kerala,Mumbai Indians,17,1
Kochi Tuskers Kerala,Pune Warriors,2,3
Kochi Tuskers Kerala,Pune Warriors,4,1
Kochi Tuskers Kerala,Pune Warriors,6,1
Kochi Tuskers Kerala,Pune Warriors,9,1
Kochi Tuskers Kerala,Pune Warriors,12,1
Kochi Tuskers Kerala,Pune Warriors,15,1
Kochi Tuskers Kerala,Pune Warriors,16,1
Kochi Tuskers Kerala,Pune Warriors,17,2
Kochi Tuskers Kerala,Rajasthan Royals,2,1
Kochi Tuskers Kerala,Rajasthan Royals,3,1
Kochi Tuskers Kerala,Rajasthan Royals,4,1
Kochi Tuskers Kerala,Rajasthan Royals,7,1
Kochi Tuskers Kerala,Rajasthan Royals,15,1
Kochi Tuskers Kerala,Royal Challengers Bangalore,1,3
Kochi Tuskers Kerala,Royal Challengers Bangalore,3,3
Kochi Tuskers Kerala,Royal Challengers Bangalore,4,1
Kochi Tuskers Kerala,Royal Challengers Bangalore,5,2
Kochi Tuskers Kerala,Royal Challengers Bangalore,9,3
Kochi Tuskers Kerala,Royal Challengers Bangalore,12,1
Kochi Tuskers Kerala,Royal Challengers Bangalore,15,1
Kochi Tuskers Kerala,Royal Challengers Bangalore,19,1
Kolkata Knight Riders,Chennai Super Kings,1,8
Kolkata Knight Riders,Chennai Super Kings,2,6
Kolkata Knight Riders,Chennai Super Kings,3,7
Kolkata Knight Riders,Chennai Super Kings,4,9
Kolkata Knight Riders,Chennai Super Kings,5,1
Kolkata Knight Riders,Chennai Super Kings,6,5
Kolkata Knight Riders,Chennai Super Kings,7,3
Kolkata Knight Riders,Chennai Super Kings,8,9
Kolkata Knight Riders,Chennai Super Kings,9,2
Kolkata Knight Riders,Chennai Super Kings,10,6
Kolkata Knight Riders,Chennai Super Kings,11,3
Kolkata Knight Riders,Chennai Super Kings,12,2
Kolkata Knight Riders,Chennai Super Kings,13,4
Kolkata Knight Riders,Chennai Super Kings,14,5
Kolkata Knight Riders,Chennai Super Kings,15,2
Kolkata Knight Riders,Chennai Super Kings,16,5
Kolkata Knight Riders,Chennai Super Kings,17,4
Kolkata Knight Riders,Chennai Super Kings,18,8
Kolkata Knight Riders,Chennai Super Kings,20,8
Kolkata Knight Riders,Deccan Chargers,1,4
Kolkata Knight Riders,Deccan Chargers,2,6
Kolkata Knight Riders,Deccan Chargers,3,2
Kolkata Knight Riders,Deccan Chargers,4,2
Kolkata Knight Riders,Deccan Chargers,5,1
Kolkata Knight Riders,Deccan Chargers,6,4
Kolkata Knight Riders,Deccan Chargers,7,2
Kolkata Knight Riders,Deccan Chargers,8,5
Kolkata Knight Riders,Deccan Chargers,9,2
Kolkata Knight Riders,Deccan Chargers,10,6
Kolkata Knight Riders,Deccan Chargers,11,2
Kolkata Knight Riders,Deccan Chargers,12,4
Kolkata Knight Riders,Deccan Chargers,13,3
Kolkata Knight Riders,Deccan Chargers,14,1
Kolkata Knight Riders,Deccan Chargers,15,1
Kolkata Knight Riders,Deccan Chargers,16,3
Kolkata Knight Riders,Deccan Chargers,17,2
Kolkata Knight Riders,Deccan Chargers,18,3
Kolkata Knight Riders,Deccan Chargers,19,4
Kolkata Knight Riders,Deccan Chargers,20,7
Kolkata Knight Riders,Delhi Daredevils,1,11
Kolkata Knight Riders,Delhi Daredevils,2,10
Kolkata Knight Riders,Delhi Daredevils,3,6
Kolkata Knight Riders,Delhi Daredevils,4,6
Kolkata Knight Riders,Delhi Daredevils,5,5
Kolkata Knight Riders,Delhi Daredevils,6,3
Kolkata Knight Riders,Delhi Daredevils,7,8
Kolkata Knight Riders,Delhi Daredevils,8,5
Kolkata Knight Riders,Delhi Daredevils,9,4
Kolkata Knight Riders,Delhi Daredevils,10,1
Kolkata Knight Riders,Delhi Daredevils,11,7
Kolkata Knight Riders,Delhi Daredevils,12,4
Kolkata Knight Riders,Delhi Daredevils,13,3
Kolkata Knight Riders,Delhi Daredevils,14,5
Kolkata Knight Riders,Delhi Daredevils,15,3
Kolkata Knight Riders,Delhi Daredevils,16,3
Kolkata Knight Riders,Delhi Daredevils,17,4
Kolkata Knight Riders,Delhi Daredevils,18,7
Kolkata Knight Riders,Delhi Daredevils,19,7
Kolkata Knight Riders,Delhi Daredevils,20,4
Kolkata Knight Riders,Gujarat Lions,1,1
Kolkata Knight Riders,Gujarat Lions,2,2
Kolkata Knight Riders,Gujarat Lions,3,2
Kolkata Knight Riders,Gujarat Lions,4,2
Kolkata Knight Riders,Gujarat Lions,6,2
Kolkata Knight Riders,Gujarat Lions,7,3
Kolkata Knight Riders,Gujarat Lions,8,1
Kolkata Knight Riders,Gujarat Lions,9,1
Kolkata Knight Riders,Gujarat Lions,10,1
Kolkata Knight Riders,Gujarat Lions,15,1
Kolkata Knight Riders,Gujarat Lions,18,1
Kolkata Knight Riders,Gujarat Lions,20,1
Kolkata Knight Riders,Kings XI Punjab,1,8
Kolkata Knight Riders,Kings XI Punjab,2,11
Kolkata Knight Riders,Kings XI Punjab,3,12
Kolkata Knight Riders,Kings XI Punjab,4,5
Kolkata Knight Riders,Kings XI Punjab,5,10
Kolkata Knight Riders,Kings XI Punjab,6,6
Kolkata Knight Riders,Kings XI Punjab,7,6
Kolkata Knight Riders,Kings XI Punjab,8,2
Kolkata Knight Riders,Kings XI Punjab,9,9
Kolkata Knight Riders,Kings XI Punjab,10,4
Kolkata Knight Riders,Kings XI Punjab,11,3
Kolkata Knight Riders,Kings XI Punjab,12,8
Kolkata Knight Riders,Kings XI Punjab,13,10
Kolkata Knight Riders,Kings XI Punjab,14,10
Kolkata Knight Riders,Kings XI Punjab,15,5
Kolkata Knight Riders,Kings XI Punjab,16,5
Kolkata Knight Riders,Kings XI Punjab,17,5
Kolkata Knight Riders,Kings XI Punjab,18,6
Kolkata Knight Riders,Kings XI Punjab,19,6
Kolkata Knight Riders,Kings XI Punjab,20,12
Kolkata Knight Riders,Kochi Tuskers Kerala,1,1
Kolkata Knight Riders,Kochi Tuskers Kerala,2,2
Kolkata Knight Riders,Kochi Tuskers Kerala,8,1
Kolkata Knight Riders,Kochi Tuskers Kerala,11,1
Kolkata Knight Riders,Kochi Tuskers Kerala,12,1
Kolkata Knight Riders,Kochi Tuskers Kerala,14,1
Kolkata Knight Riders,Kochi Tuskers Kerala,16,1
Kolkata Knight Riders,Kochi Tuskers Kerala,17,1
Kolkata Knight Riders,Kochi Tuskers Kerala,18,2
Kolkata Knight Riders,Kochi Tuskers Kerala,19,1
Kolkata Knight Riders,Kochi Tuskers Kerala,20,2
Kolkata Knight Riders,Mumbai Indians,1,12
Kolkata Knight Riders,Mumbai Indians,2,13
Kolkata Knight Riders,Mumbai Indians,3,13
Kolkata Knight Riders,Mumbai Indians,4,10
Kolkata Knight Riders,Mumbai Indians,5,8
Kolkata Knight Riders,Mumbai Indians,6,9
Kolkata Knight Riders,Mumbai Indians,7,4
Kolkata Knight Riders,Mumbai Indians,8,5
Kolkata Knight Riders,Mumbai Indians,9,3
Kolkata Knight Riders,Mumbai Indians,10,4
Kolkata Knight Riders,Mumbai Indians,11,3
Kolkata Knight Riders,Mumbai Indians,12,1
Kolkata Knight Riders,Mumbai Indians,13,2
Kolkata Knight Riders,Mumbai Indians,14,5
Kolkata Knight Riders,Mumbai Indians,15,3
Kolkata Knight Riders,Mumbai Indians,16,6
Kolkata Knight Riders,Mumbai Indians,17,7
Kolkata Knight Riders,Mumbai Indians,18,8
Kolkata Knight Riders,Mumbai Indians,19,6
Kolkata Knight Riders,Mumbai Indians,20,8
Kolkata Knight Riders,Pune Warriors,1,2
Kolkata Knight Riders,Pune Warriors,2,3
Kolkata Knight Riders,Pune Warriors,3,1
Kolkata Knight Riders,Pune Warriors,5,2
Kolkata Knight Riders,Pune Warriors,6,3
Kolkata Knight Riders,Pune Warriors,7,2
Kolkata Knight Riders,Pune Warriors,8,1
Kolkata Knight Riders,Pune Warriors,9,1
Kolkata Knight Riders,Pune Warriors,10,1
Kolkata Knight Riders,Pune Warriors,11,1
Kolkata Knight Riders,Pune Warriors,12,1
Kolkata Knight Riders,Pune Warriors,13,3
Kolkata Knight Riders,Pune Warriors,15,1
Kolkata Knight Riders,Pune Warriors,16,1
Kolkata Knight Riders,Pune Warriors,19,1
Kolkata Knight Riders,Pune Warriors,20,1
Kolkata Knight Riders,Rajasthan Royals,1,4
Kolkata Knight Riders,Rajasthan Royals,2,8
Kolkata Knight Riders,Rajasthan Royals,3,7
Kolkata Knight Riders,Rajasthan Royals,4,2
Kolkata Knight Riders,Rajasthan Royals,5,2
Kolkata Knight Riders,Rajasthan Royals,6,5
Kolkata Knight Riders,Rajasthan Royals,7,6
Kolkata Knight Riders,Rajasthan Royals,8,5
Kolkata Knight Riders,Rajasthan Royals,9,2
Kolkata Knight Riders,Rajasthan Royals,10,6
Kolkata Knight Riders,Rajasthan Royals,11,4
Kolkata Knight Riders,Rajasthan Royals,12,1
Kolkata Knight Riders,Rajasthan Royals,13,2
Kolkata Knight Riders,Rajasthan Royals,14,6
Kolkata Knight Riders,Rajasthan Royals,15,3
Kolkata Knight Riders,Rajasthan Royals,16,4
Kolkata Knight Riders,Rajasthan Royals,17,7
Kolkata Knight Riders,Rajasthan Royals,18,8
Kolkata Knight Riders,Rajasthan Royals,19,9
Kolkata Knight Riders,Rajasthan Royals,20,10
Kolkata Knight Riders,Rising Pune Supergiant,1,1
Kolkata Knight Riders,Rising Pune Supergiant,3,2
Kolkata Knight Riders,Rising Pune Supergiant,4,3
Kolkata Knight Riders,Rising Pune Supergiant,6,1
Kolkata Knight Riders,Rising Pune Supergiant,19,2
Kolkata Knight Riders,Rising Pune Supergiant,20,2
Kolkata Knight Riders,Rising Pune Supergiants,1,1
Kolkata Knight Riders,Rising Pune Supergiants,2,1
Kolkata Knight Riders,Rising Pune Supergiants,10,2
Kolkata Knight Riders,Rising Pune Supergiants,14,2
Kolkata Knight Riders,Rising Pune Supergiants,17,1
Kolkata Knight Riders,Rising Pune Supergiants,19,1
Kolkata Knight Riders,Royal Challengers Bangalore,1,9
Kolkata Knight Riders,Royal Challengers Bangalore,2,6
Kolkata Knight Riders,Royal Challengers Bangalore,3,7
Kolkata Knight Riders,Royal Challengers Bangalore,4,10
Kolkata Knight Riders,Royal Challengers Bangalore,5,5
Kolkata Knight Riders,Royal Challengers Bangalore,6,3
Kolkata Knight Riders,Royal Challengers Bangalore,7,6
Kolkata Knight Riders,Royal Challengers Bangalore,8,8
Kolkata Knight Riders,Royal Challengers Bangalore,9,9
Kolkata Knight Riders,Royal Challengers Bangalore,10,10
Kolkata Knight Riders,Royal Challengers Bangalore,11,3
Kolkata Knight Riders,Royal Challengers Bangalore,12,3
Kolkata Knight Riders,Royal Challengers Bangalore,13,6
Kolkata Knight Riders,Royal Challengers Bangalore,14,3
Kolkata Knight Riders,Royal Challengers Bangalore,15,5
Kolkata Knight Riders,Royal Challengers Bangalore,16,7
Kolkata Knight Riders,Royal Challengers Bangalore,17,2
Kolkata Knight Riders,Royal Challengers Bangalore,18,9
Kolkata Knight Riders,Royal Challengers Bangalore,19,5
Kolkata Knight Riders,Royal Challengers Bangalore,20,3
Kolkata Knight Riders,Sunrisers Hyderabad,1,12
Kolkata Knight Riders,Sunrisers Hyderabad,2,1
Kolkata Knight Riders,Sunrisers Hyderabad,3,4
Kolkata Knight Riders,Sunrisers Hyderabad,4,3
Kolkata Knight Riders,Sunrisers Hyderabad,5,5
Kolkata Knight Riders,Sunrisers Hyderabad,6,4
Kolkata Knight Riders,Sunrisers Hyderabad,7,4
Kolkata Knight Riders,Sunrisers Hyderabad,8,1
Kolkata Knight Riders,Sunrisers Hyderabad,9,5
Kolkata Knight Riders,Sunrisers Hyderabad,10,1
Kolkata Knight Riders,Sunrisers Hyderabad,11,2
Kolkata Knight Riders,Sunrisers Hyderabad,12,3
Kolkata Knight Riders,Sunrisers Hyderabad,13,6
Kolkata Knight Riders,Sunrisers Hyderabad,14,1
Kolkata Knight Riders,Sunrisers Hyderabad,15,4
Kolkata Knight Riders,Sunrisers Hyderabad,16,4
Kolkata Knight Riders,Sunrisers Hyderabad,17,6
Kolkata Knight Riders,Sunrisers Hyderabad,18,2
Kolkata Knight Riders,Sunrisers Hyderabad,19,8
Kolkata Knight Riders,Sunrisers Hyderabad,20,8
Mumbai Indians,Chennai Super Kings,1,6
Mumbai Indians,Chennai Super Kings,2,10
Mumbai Indians,Chennai Super Kings,3,12
Mumbai Indians,Chennai Super Kings,4,9
Mumbai Indians,Chennai Super Kings,5,6
Mumbai Indians,Chennai Super Kings,6,10
Mumbai Indians,Chennai Super Kings,7,13
Mumbai Indians,Chennai Super Kings,8,9
Mumbai Indians,Chennai Super Kings,9,5
Mumbai Indians,Chennai Super Kings,10,11
Mumbai Indians,Chennai Super Kings,11,5
Mumbai Indians,Chennai Super Kings,12,8
Mumbai Indians,Chennai Super Kings,13,5
Mumbai Indians,Chennai Super Kings,14,8
Mumbai Indians,Chennai Super Kings,15,8
Mumbai Indians,Chennai Super Kings,16,6
Mumbai Indians,Chennai Super Kings,17,16
Mumbai Indians,Chennai Super Kings,18,9
Mumbai Indians,Chennai Super Kings,19,6
Mumbai Indians,Chennai Super Kings,20,13
Mumbai Indians,Deccan Chargers,1,4
Mumbai Indians,Deccan Chargers,2,3
Mumbai Indians,Deccan Chargers,3,3
Mumbai Indians,Deccan Chargers,4,4
Mumbai Indians,Deccan Chargers,5,3
Mumbai Indians,Deccan Chargers,6,6
Mumbai Indians,Deccan Chargers,8,5
Mumbai Indians,Deccan Chargers,9,7
Mumbai Indians,Deccan Chargers,10,1
Mumbai Indians,Deccan Chargers,11,4
Mumbai Indians,Deccan Chargers,12,1
Mumbai Indians,Deccan Chargers,13,3
Mumbai Indians,Deccan Chargers,14,1
Mumbai Indians,Deccan Chargers,15,1
Mumbai Indians,Deccan Chargers,16,4
Mumbai Indians,Deccan Chargers,17,4
Mumbai Indians,Deccan Chargers,18,5
Mumbai Indians,Deccan Chargers,19,3
Mumbai Indians,Deccan Chargers,20,5
Mumbai Indians,Delhi Daredevils,1,6
Mumbai Indians,Delhi Daredevils,2,11
Mumbai Indians,Delhi Daredevils,3,8
Mumbai Indians,Delhi Daredevils,4,1
Mumbai Indians,Delhi Daredevils,5,3
Mumbai Indians,Delhi Daredevils,6,8
Mumbai Indians,Delhi Daredevils,7,4
Mumbai Indians,Delhi Daredevils,8,3
Mumbai Indians,Delhi Daredevils,9,4
Mumbai Indians,Delhi Daredevils,10,5
Mumbai Indians,Delhi Daredevils,11,6
Mumbai Indians,Delhi Daredevils,12,7
Mumbai Indians,Delhi Daredevils,13,8
Mumbai Indians,Delhi Daredevils,14,2
Mumbai Indians,Delhi Daredevils,15,8
Mumbai Indians,Delhi Daredevils,16,2
Mumbai Indians,Delhi Daredevils,17,9
Mumbai Indians,Delhi Daredevils,18,5
Mumbai Indians,Delhi Daredevils,19,7
Mumbai Indians,Delhi Daredevils,20,6
Mumbai Indians,Gujarat Lions,1,6
Mumbai Indians,Gujarat Lions,2,6
Mumbai Indians,Gujarat Lions,4,1
Mumbai Indians,Gujarat Lions,7,3
Mumbai Indians,Gujarat Lions,9,2
Mumbai Indians,Gujarat Lions,11,3
Mumbai Indians,Gujarat Lions,12,2
Mumbai Indians,Gujarat Lions,13,1
Mumbai Indians,Gujarat Lions,14,1
Mumbai Indians,Gujarat Lions,15,1
Mumbai Indians,Gujarat Lions,16,2
Mumbai Indians,Gujarat Lions,17,3
Mumbai Indians,Gujarat Lions,18,1
Mumbai Indians,Gujarat Lions,19,3
Mumbai Indians,Kings XI Punjab,1,6
Mumbai Indians,Kings XI Punjab,2,7
Mumbai Indians,Kings XI Punjab,3,5
Mumbai Indians,Kings XI Punjab,4,7
Mumbai Indians,Kings XI Punjab,5,6
Mumbai Indians,Kings XI Punjab,6,10
Mumbai Indians,Kings XI Punjab,7,9
Mumbai Indians,Kings XI Punjab,8,5
Mumbai Indians,Kings XI Punjab,9,6
Mumbai Indians,Kings XI Punjab,10,7
Mumbai Indians,Kings XI Punjab,11,9
Mumbai Indians,Kings XI Punjab,12,7
Mumbai Indians,Kings XI Punjab,13,7
Mumbai Indians,Kings XI Punjab,14,7
Mumbai Indians,Kings XI Punjab,15,8
Mumbai Indians,Kings XI Punjab,16,11
Mumbai Indians,Kings XI Punjab,17,7
Mumbai Indians,Kings XI Punjab,18,11
Mumbai Indians,Kings XI Punjab,19,11
Mumbai Indians,Kings XI Punjab,20,12
Mumbai Indians,Kochi Tuskers Kerala,2,2
Mumbai Indians,Kochi Tuskers Kerala,6,2
Mumbai Indians,Kochi Tuskers Kerala,9,1
Mumbai Indians,Kochi Tuskers Kerala,13,1
Mumbai Indians,Kochi Tuskers Kerala,14,4
Mumbai Indians,Kolkata Knight Riders,1,13
Mumbai Indians,Kolkata Knight Riders,2,8
Mumbai Indians,Kolkata Knight Riders,3,15
Mumbai Indians,Kolkata Knight Riders,4,8
Mumbai Indians,Kolkata Knight Riders,5,5
Mumbai Indians,Kolkata Knight Riders,6,9
Mumbai Indians,Kolkata Knight Riders,7,6
Mumbai Indians,Kolkata Knight Riders,8,4
Mumbai Indians,Kolkata Knight Riders,9,6
Mumbai Indians,Kolkata Knight Riders,10,3
Mumbai Indians,Kolkata Knight Riders,11,3
Mumbai Indians,Kolkata Knight Riders,12,4
Mumbai Indians,Kolkata Knight Riders,13,5
Mumbai Indians,Kolkata Knight Riders,14,7
Mumbai Indians,Kolkata Knight Riders,15,4
Mumbai Indians,Kolkata Knight Riders,16,8
Mumbai Indians,Kolkata Knight Riders,17,12
Mumbai Indians,Kolkata Knight Riders,18,4
Mumbai Indians,Kolkata Knight Riders,19,8
Mumbai Indians,Kolkata Knight Riders,20,7
Mumbai Indians,Pune Warriors,1,2
Mumbai Indians,Pune Warriors,2,2
Mumbai Indians,Pune Warriors,3,2
Mumbai Indians,Pune Warriors,4,3
Mumbai Indians,Pune Warriors,5,2
Mumbai Indians,Pune Warriors,6,4
Mumbai Indians,Pune Warriors,8,3
Mumbai Indians,Pune Warriors,11,1
Mumbai Indians,Pune Warriors,12,2
Mumbai Indians,Pune Warriors,13,3
Mumbai Indians,Pune Warriors,15,2
Mumbai Indians,Pune Warriors,16,2
Mumbai Indians,Pune Warriors,17,2
Mumbai Indians,Pune Warriors,18,1
Mumbai Indians,Pune Warriors,19,1
Mumbai Indians,Pune Warriors,20,1
Mumbai Indians,Rajasthan Royals,1,8
Mumbai Indians,Rajasthan Royals,2,4
Mumbai Indians,Rajasthan Royals,3,4
Mumbai Indians,Rajasthan Royals,4,1
Mumbai Indians,Rajasthan Royals,5,4
Mumbai Indians,Rajasthan Royals,6,8
Mumbai Indians,Rajasthan Royals,7,8
Mumbai Indians,Rajasthan Royals,8,6
Mumbai Indians,Rajasthan Royals,9,6
Mumbai Indians,Rajasthan Royals,10,3
Mumbai Indians,Rajasthan Royals,12,6
Mumbai Indians,Rajasthan Royals,13,6
Mumbai Indians,Rajasthan Royals,14,3
Mumbai Indians,Rajasthan Royals,15,4
Mumbai Indians,Rajasthan Royals,16,4
Mumbai Indians,Rajasthan Royals,17,8
Mumbai Indians,Rajasthan Royals,18,6
Mumbai Indians,Rajasthan Royals,19,10
Mumbai Indians,Rajasthan Royals,20,9
Mumbai Indians,Rising Pune Supergiant,1,4
Mumbai Indians,Rising Pune Supergiant,2,2
Mumbai Indians,Rising Pune Supergiant,5,2
Mumbai Indians,Rising Pune Supergiant,7,1
Mumbai Indians,Rising Pune Supergiant,14,1
Mumbai Indians,Rising Pune Supergiant,15,2
Mumbai Indians,Rising Pune Supergiant,17,1
Mumbai Indians,Rising Pune Supergiant,18,1
Mumbai Indians,Rising Pune Supergiant,19,6
Mumbai Indians,Rising Pune Supergiant,20,1
Mumbai Indians,Rising Pune Supergiants,1,1
Mumbai Indians,Rising Pune Supergiants,6,1
Mumbai Indians,Rising Pune Supergiants,7,3
Mumbai Indians,Rising Pune Supergiants,8,1
Mumbai Indians,Rising Pune Supergiants,9,2
Mumbai Indians,Rising Pune Supergiants,13,1
Mumbai Indians,Rising Pune Supergiants,15,1
Mumbai Indians,Rising Pune Supergiants,16,1
Mumbai Indians,Rising Pune Supergiants,19,1
Mumbai Indians,Rising Pune Supergiants,20,1
Mumbai Indians,Royal Challengers Bangalore,1,11
Mumbai Indians,Royal Challengers Bangalore,2,9
Mumbai Indians,Royal Challengers Bangalore,3,8
Mumbai Indians,Royal Challengers Bangalore,4,1
Mumbai Indians,Royal Challengers Bangalore,5,10
Mumbai Indians,Royal Challengers Bangalore,6,7
Mumbai Indians,Royal Challengers Bangalore,7,8
Mumbai Indians,Royal Challengers Bangalore,8,11
Mumbai Indians,Royal Challengers Bangalore,9,7
Mumbai Indians,Royal Challengers Bangalore,10,7
Mumbai Indians,Royal Challengers Bangalore,11,8
Mumbai Indians,Royal Challengers Bangalore,12,4
Mumbai Indians,Royal Challengers Bangalore,13,6
Mumbai Indians,Royal Challengers Bangalore,14,9
Mumbai Indians,Royal Challengers Bangalore,15,3
Mumbai Indians,Royal Challengers Bangalore,16,12
Mumbai Indians,Royal Challengers Bangalore,17,12
Mumbai Indians,Royal Challengers Bangalore,18,5
Mumbai Indians,Royal Challengers Bangalore,19,10
Mumbai Indians,Royal Challengers Bangalore,20,11
Mumbai Indians,Sunrisers Hyderabad,1,5
Mumbai Indians,Sunrisers Hyderabad,2,4
Mumbai Indians,Sunrisers Hyderabad,3,5
Mumbai Indians,Sunrisers Hyderabad,6,4
Mumbai Indians,Sunrisers Hyderabad,7,2
Mumbai Indians,Sunrisers Hyderabad,8,4
Mumbai Indians,Sunrisers Hyderabad,9,3
Mumbai Indians,Sunrisers Hyderabad,10,4
Mumbai Indians,Sunrisers Hyderabad,12,1
Mumbai Indians,Sunrisers Hyderabad,13,3
Mumbai Indians,Sunrisers Hyderabad,14,2
Mumbai Indians,Sunrisers Hyderabad,15,4
Mumbai Indians,Sunrisers Hyderabad,16,6
Mumbai Indians,Sunrisers Hyderabad,17,3
Mumbai Indians,Sunrisers Hyderabad,18,1
Mumbai Indians,Sunrisers Hyderabad,19,7
Mumbai Indians,Sunrisers Hyderabad,20,3
Pune Warriors,Chennai Super Kings,1,1
Pune Warriors,Chennai Super Kings,2,1
Pune Warriors,Chennai Super Kings,3,2
Pune Warriors,Chennai Super Kings,4,2
Pune Warriors,Chennai Super Kings,6,3
Pune Warriors,Chennai Super Kings,8,2
Pune Warriors,Chennai Super Kings,11,3
Pune Warriors,Chennai Super Kings,12,1
Pune Warriors,Chennai Super Kings,14,1
Pune Warriors,Chennai Super Kings,15,2
Pune Warriors,Chennai Super Kings,16,1
Pune Warriors,Chennai Super Kings,17,2
Pune Warriors,Chennai Super Kings,18,1
Pune Warriors,Chennai Super Kings,19,1
Pune Warriors,Chennai Super Kings,20,1
Pune Warriors,Deccan Chargers,1,1
Pune Warriors,Deccan Chargers,2,2
Pune Warriors,Deccan Chargers,4,4
Pune Warriors,Deccan Chargers,5,1
Pune Warriors,Deccan Chargers,6,1
Pune Warriors,Deccan Chargers,9,2
Pune Warriors,Deccan Chargers,10,1
Pune Warriors,Deccan Chargers,15,1
Pune Warriors,Deccan Chargers,16,1
Pune Warriors,Deccan Chargers,17,3
Pune Warriors,Deccan Chargers,18,2
Pune Warriors,Deccan Chargers,19,1
Pune Warriors,Delhi Daredevils,1,5
Pune Warriors,Delhi Daredevils,2,1
Pune Warriors,Delhi Daredevils,3,3
Pune Warriors,Delhi Daredevils,4,1
Pune Warriors,Delhi Daredevils,5,2
Pune Warriors,Delhi Daredevils,6,7
Pune Warriors,Delhi Daredevils,8,2
Pune Warriors,Delhi Daredevils,9,1
Pune Warriors,Delhi Daredevils,10,2
Pune Warriors,Delhi Daredevils,11,2
Pune Warriors,Delhi Daredevils,12,2
Pune Warriors,Delhi Daredevils,13,1
Pune Warriors,Delhi Daredevils,14,1
Pune Warriors,Delhi Daredevils,15,2
Pune Warriors,Delhi Daredevils,16,2
Pune Warriors,Delhi Daredevils,17,1
Pune Warriors,Delhi Daredevils,18,3
Pune Warriors,Kings XI Punjab,1,2
Pune Warriors,Kings XI Punjab,2,2
Pune Warriors,Kings XI Punjab,4,1
Pune Warriors,Kings XI Punjab,5,2
Pune Warriors,Kings XI Punjab,6,1
Pune Warriors,Kings XI Punjab,7,3
Pune Warriors,Kings XI Punjab,9,2
Pune Warriors,Kings XI Punjab,10,1
Pune Warriors,Kings XI Punjab,11,1
Pune Warriors,Kings XI Punjab,12,1
Pune Warriors,Kings XI Punjab,13,2
Pune Warriors,Kings XI Punjab,15,1
Pune Warriors,Kings XI Punjab,16,1
Pune Warriors,Kings XI Punjab,18,2
Pune Warriors,Kings XI Punjab,19,2
Pune Warriors,Kochi Tuskers Kerala,8,1
Pune Warriors,Kochi Tuskers Kerala,14,2
Pune Warriors,Kochi Tuskers Kerala,18,1
Pune Warriors,Kochi Tuskers Kerala,20,2
Pune Warriors,Kolkata Knight Riders,1,5
Pune Warriors,Kolkata Knight Riders,2,3
Pune Warriors,Kolkata Knight Riders,3,2
Pune Warriors,Kolkata Knight Riders,4,3
Pune Warriors,Kolkata Knight Riders,5,1
Pune Warriors,Kolkata Knight Riders,6,1
Pune Warriors,Kolkata Knight Riders,7,1
Pune Warriors,Kolkata Knight Riders,8,3
Pune Warriors,Kolkata Knight Riders,10,1
Pune Warriors,Kolkata Knight Riders,13,2
Pune Warriors,Kolkata Knight Riders,15,3
Pune Warriors,Kolkata Knight Riders,16,3
Pune Warriors,Kolkata Knight Riders,18,2
Pune Warriors,Kolkata Knight Riders,19,2
Pune Warriors,Kolkata Knight Riders,20,1
Pune Warriors,Mumbai Indians,2,6
Pune Warriors,Mumbai Indians,3,2
Pune Warriors,Mumbai Indians,4,1
Pune Warriors,Mumbai Indians,5,2
Pune Warriors,Mumbai Indians,6,3
Pune Warriors,Mumbai Indians,7,1
Pune Warriors,Mumbai Indians,8,1
Pune Warriors,Mumbai Indians,9,2
Pune Warriors,Mumbai Indians,10,1
Pune Warriors,Mumbai Indians,12,2
Pune Warriors,Mumbai Indians,14,1
Pune Warriors,Mumbai Indians,15,1
Pune Warriors,Mumbai Indians,16,1
Pune Warriors,Mumbai Indians,17,2
Pune Warriors,Mumbai Indians,18,1
Pune Warriors,Mumbai Indians,19,4
Pune Warriors,Mumbai Indians,20,2
Pune Warriors,Rajasthan Royals,1,4
Pune Warriors,Rajasthan Royals,3,1
Pune Warriors,Rajasthan Royals,4,2
Pune Warriors,Rajasthan Royals,9,2
Pune Warriors,Rajasthan Royals,10,2
Pune Warriors,Rajasthan Royals,13,1
Pune Warriors,Rajasthan Royals,16,1
Pune Warriors,Rajasthan Royals,18,2
Pune Warriors,Rajasthan Royals,19,1
Pune Warriors,Rajasthan Royals,20,2
Pune Warriors,Royal Challengers Bangalore,1,1
Pune Warriors,Royal Challengers Bangalore,2,2
Pune Warriors,Royal Challengers Bangalore,3,4
Pune Warriors,Royal Challengers Bangalore,4,2
Pune Warriors,Royal Challengers Bangalore,5,1
Pune Warriors,Royal Challengers Bangalore,6,1
Pune Warriors,Royal Challengers Bangalore,7,2
Pune Warriors,Royal Challengers Bangalore,9,2
Pune Warriors,Royal Challengers Bangalore,10,2
Pune Warriors,Royal Challengers Bangalore,11,1
Pune Warriors,Royal Challengers Bangalore,12,5
Pune Warriors,Royal Challengers Bangalore,15,1
Pune Warriors,Royal Challengers Bangalore,16,1
Pune Warriors,Royal Challengers Bangalore,17,2
Pune Warriors,Royal Challengers Bangalore,18,1
Pune Warriors,Royal Challengers Bangalore,19,3
Pune Warriors,Sunrisers Hyderabad,1,1
Pune Warriors,Sunrisers Hyderabad,2,1
Pune Warriors,Sunrisers Hyderabad,4,1
Pune Warriors,Sunrisers Hyderabad,5,1
Pune Warriors,Sunrisers Hyderabad,6,1
Pune Warriors,Sunrisers Hyderabad,7,1
Pune Warriors,Sunrisers Hyderabad,16,1
Pune Warriors,Sunrisers Hyderabad,20,1
Rajasthan Royals,Chennai Super Kings,1,3
Rajasthan Royals,Chennai Super Kings,2,6
Rajasthan Royals,Chennai Super Kings,3,5
Rajasthan Royals,Chennai Super Kings,4,6
Rajasthan Royals,Chennai Super Kings,5,3
Rajasthan Royals,Chennai Super Kings,6,4
Rajasthan Royals,Chennai Super Kings,7,5
Rajasthan Royals,Chennai Super Kings,8,3
Rajasthan Royals,Chennai Super Kings,9,4
Rajasthan Royals,Chennai Super Kings,10,4
Rajasthan Royals,Chennai Super Kings,11,4
Rajasthan Royals,Chennai Super Kings,12,6
Rajasthan Royals,Chennai Super Kings,13,1
Rajasthan Royals,Chennai Super Kings,14,5
Rajasthan Royals,Chennai Super Kings,15,7
Rajasthan Royals,Chennai Super Kings,16,5
Rajasthan Royals,Chennai Super Kings,17,9
Rajasthan Royals,Chennai Super Kings,18,5
Rajasthan Royals,Chennai Super Kings,19,12
Rajasthan Royals,Chennai Super Kings,20,5
Rajasthan Royals,Deccan Chargers,1,1
Rajasthan Royals,Deccan Chargers,2,9
Rajasthan Royals,Deccan Chargers,3,4
Rajasthan Royals,Deccan Chargers,4,4
Rajasthan Royals,Deccan Chargers,5,3
Rajasthan Royals,Deccan Chargers,6,2
Rajasthan Royals,Deccan Chargers,7,2
Rajasthan Royals,Deccan Chargers,8,1
Rajasthan Royals,Deccan Chargers,9,3
Rajasthan Royals,Deccan Chargers,10,2
Rajasthan Royals,Deccan Chargers,11,1
Rajasthan Royals,Deccan Chargers,12,3
Rajasthan Royals,Deccan Chargers,13,3
Rajasthan Royals,Deccan Chargers,14,5
Rajasthan Royals,Deccan Chargers,15,1
Rajasthan Royals,Deccan Chargers,16,3
Rajasthan Royals,Deccan Chargers,18,1
Rajasthan Royals,Deccan Chargers,19,2
Rajasthan Royals,Deccan Chargers,20,7
Rajasthan Royals,Delhi Daredevils,1,11
Rajasthan Royals,Delhi Daredevils,2,4
Rajasthan Royals,Delhi Daredevils,3,3
Rajasthan Royals,Delhi Daredevils,4,5
Rajasthan Royals,Delhi Daredevils,5,13
Rajasthan Royals,Delhi Daredevils,6,5
Rajasthan Royals,Delhi Daredevils,7,2
Rajasthan Royals,Delhi Daredevils,8,4
Rajasthan Royals,Delhi Daredevils,9,5
Rajasthan Royals,Delhi Daredevils,10,8
Rajasthan Royals,Delhi Daredevils,11,5
Rajasthan Royals,Delhi Daredevils,12,4
Rajasthan Royals,Delhi Daredevils,13,3
Rajasthan Royals,Delhi Daredevils,14,14
Rajasthan Royals,Delhi Daredevils,15,2
Rajasthan Royals,Delhi Daredevils,16,4
Rajasthan Royals,Delhi Daredevils,17,6
Rajasthan Royals,Delhi Daredevils,18,6
Rajasthan Royals,Delhi Daredevils,19,10
Rajasthan Royals,Delhi Daredevils,20,6
Rajasthan Royals,Kings XI Punjab,1,12
Rajasthan Royals,Kings XI Punjab,2,7
Rajasthan Royals,Kings XI Punjab,3,6
Rajasthan Royals,Kings XI Punjab,4,5
Rajasthan Royals,Kings XI Punjab,5,4
Rajasthan Royals,Kings XI Punjab,6,13
Rajasthan Royals,Kings XI Punjab,7,2
Rajasthan Royals,Kings XI Punjab,8,6
Rajasthan Royals,Kings XI Punjab,9,7
Rajasthan Royals,Kings XI Punjab,10,8
Rajasthan Royals,Kings XI Punjab,11,3
Rajasthan Royals,Kings XI Punjab,12,4
Rajasthan Royals,Kings XI Punjab,13,3
Rajasthan Royals,Kings XI Punjab,14,1
Rajasthan Royals,Kings XI Punjab,15,4
Rajasthan Royals,Kings XI Punjab,16,5
Rajasthan Royals,Kings XI Punjab,17,7
Rajasthan Royals,Kings XI Punjab,18,8
Rajasthan Royals,Kings XI Punjab,19,7
Rajasthan Royals,Kings XI Punjab,20,11
Rajasthan Royals,Kochi Tuskers Kerala,1,3
Rajasthan Royals,Kochi Tuskers Kerala,2,2
Rajasthan Royals,Kochi Tuskers Kerala,3,2
Rajasthan Royals,Kochi Tuskers Kerala,6,1
Rajasthan Royals,Kochi Tuskers Kerala,7,2
Rajasthan Royals,Kochi Tuskers Kerala,19,1
Rajasthan Royals,Kochi Tuskers Kerala,20,1
Rajasthan Royals,Kolkata Knight Riders,1,17
Rajasthan Royals,Kolkata Knight Riders,2,9
Rajasthan Royals,Kolkata Knight Riders,3,9
Rajasthan Royals,Kolkata Knight Riders,4,2
Rajasthan Royals,Kolkata Knight Riders,5,6
Rajasthan Royals,Kolkata Knight Riders,6,6
Rajasthan Royals,Kolkata Knight Riders,7,3
Rajasthan Royals,Kolkata Knight Riders,8,9
Rajasthan Royals,Kolkata Knight Riders,9,5
Rajasthan Royals,Kolkata Knight Riders,10,3
Rajasthan Royals,Kolkata Knight Riders,11,4
Rajasthan Royals,Kolkata Knight Riders,12,4
Rajasthan Royals,Kolkata Knight Riders,13,5
Rajasthan Royals,Kolkata Knight Riders,14,9
Rajasthan Royals,Kolkata Knight Riders,15,4
Rajasthan Royals,Kolkata Knight Riders,16,5
Rajasthan Royals,Kolkata Knight Riders,17,6
Rajasthan Royals,Kolkata Knight Riders,18,7
Rajasthan Royals,Kolkata Knight Riders,19,9
Rajasthan Royals,Kolkata Knight Riders,20,6
Rajasthan Royals,Mumbai Indians,1,6
Rajasthan Royals,Mumbai Indians,2,8
Rajasthan Royals,Mumbai Indians,3,6
Rajasthan Royals,Mumbai Indians,4,8
Rajasthan Royals,Mumbai Indians,5,10
Rajasthan Royals,Mumbai Indians,6,5
Rajasthan Royals,Mumbai Indians,7,4
Rajasthan Royals,Mumbai Indians,8,8
Rajasthan Royals,Mumbai Indians,9,6
Rajasthan Royals,Mumbai Indians,10,5
Rajasthan Royals,Mumbai Indians,11,9
Rajasthan Royals,Mumbai Indians,12,3
Rajasthan Royals,Mumbai Indians,13,10
Rajasthan Royals,Mumbai Indians,14,4
Rajasthan Royals,Mumbai Indians,15,7
Rajasthan Royals,Mumbai Indians,16,8
Rajasthan Royals,Mumbai Indians,17,7
Rajasthan Royals,Mumbai Indians,18,9
Rajasthan Royals,Mumbai Indians,19,6
Rajasthan Royals,Mumbai Indians,20,4
Rajasthan Royals,Pune Warriors,1,4
Rajasthan Royals,Pune Warriors,2,2
Rajasthan Royals,Pune Warriors,4,2
Rajasthan Royals,Pune Warriors,5,2
Rajasthan Royals,Pune Warriors,6,3
Rajasthan Royals,Pune Warriors,8,4
Rajasthan Royals,Pune Warriors,9,1
Rajasthan Royals,Pune Warriors,10,1
Rajasthan Royals,Pune Warriors,11,1
Rajasthan Royals,Pune Warriors,12,2
Rajasthan Royals,Pune Warriors,13,1
Rajasthan Royals,Pune Warriors,17,2
Rajasthan Royals,Pune Warriors,18,1
Rajasthan Royals,Pune Warriors,19,3
Rajasthan Royals,Pune Warriors,20,2
Rajasthan Royals,Royal Challengers Bangalore,1,3
Rajasthan Royals,Royal Challengers Bangalore,2,9
Rajasthan Royals,Royal Challengers Bangalore,3,9
Rajasthan Royals,Royal Challengers Bangalore,4,2
Rajasthan Royals,Royal Challengers Bangalore,5,7
Rajasthan Royals,Royal Challengers Bangalore,6,6
Rajasthan Royals,Royal Challengers Bangalore,7,6
Rajasthan Royals,Royal Challengers Bangalore,8,3
Rajasthan Royals,Royal Challengers Bangalore,9,3
Rajasthan Royals,Royal Challengers Bangalore,10,6
Rajasthan Royals,Royal Challengers Bangalore,11,5
Rajasthan Royals,Royal Challengers Bangalore,12,3
Rajasthan Royals,Royal Challengers Bangalore,13,4
Rajasthan Royals,Royal Challengers Bangalore,14,7
Rajasthan Royals,Royal Challengers Bangalore,15,3
Rajasthan Royals,Royal Challengers Bangalore,16,2
Rajasthan Royals,Royal Challengers Bangalore,17,8
Rajasthan Royals,Royal Challengers Bangalore,18,4
Rajasthan Royals,Royal Challengers Bangalore,19,3
Rajasthan Royals,Royal Challengers Bangalore,20,7
Rajasthan Royals,Sunrisers Hyderabad,2,3
Rajasthan Royals,Sunrisers Hyderabad,3,2
Rajasthan Royals,Sunrisers Hyderabad,4,4
Rajasthan Royals,Sunrisers Hyderabad,5,3
Rajasthan Royals,Sunrisers Hyderabad,6,2
Rajasthan Royals,Sunrisers Hyderabad,7,3
Rajasthan Royals,Sunrisers Hyderabad,8,4
Rajasthan Royals,Sunrisers Hyderabad,9,3
Rajasthan Royals,Sunrisers Hyderabad,10,1
Rajasthan Royals,Sunrisers Hyderabad,11,2
Rajasthan Royals,Sunrisers Hyderabad,12,4
Rajasthan Royals,Sunrisers Hyderabad,13,1
Rajasthan Royals,Sunrisers Hyderabad,14,3
Rajasthan Royals,Sunrisers Hyderabad,15,4
Rajasthan Royals,Sunrisers Hyderabad,16,3
Rajasthan Royals,Sunrisers Hyderabad,17,4
Rajasthan Royals,Sunrisers Hyderabad,18,2
Rajasthan Royals,Sunrisers Hyderabad,19,4
Rajasthan Royals,Sunrisers Hyderabad,20,8
Rising Pune Supergiant,Delhi Daredevils,1,2
Rising Pune Supergiant,Delhi Daredevils,2,1
Rising Pune Supergiant,Delhi Daredevils,3,1
Rising Pune Supergiant,Delhi Daredevils,4,1
Rising Pune Supergiant,Delhi Daredevils,5,1
Rising Pune Supergiant,Delhi Daredevils,6,2
Rising Pune Supergiant,Delhi Daredevils,7,1
Rising Pune Supergiant,Delhi Daredevils,11,1
Rising Pune Supergiant,Delhi Daredevils,15,1
Rising Pune Supergiant,Delhi Daredevils,17,2
Rising Pune Supergiant,Delhi Daredevils,19,2
Rising Pune Supergiant,Gujarat Lions,1,1
Rising Pune Supergiant,Gujarat Lions,4,1
Rising Pune Supergiant,Gujarat Lions,7,1
Rising Pune Supergiant,Gujarat Lions,9,2
Rising Pune Supergiant,Gujarat Lions,10,1
Rising Pune Supergiant,Gujarat Lions,11,1
Rising Pune Supergiant,Gujarat Lions,14,1
Rising Pune Supergiant,Gujarat Lions,15,1
Rising Pune Supergiant,Gujarat Lions,17,1
Rising Pune Supergiant,Gujarat Lions,18,1
Rising Pune Supergiant,Gujarat Lions,20,1
Rising Pune Supergiant,Kings XI Punjab,2,2
Rising Pune Supergiant,Kings XI Punjab,6,2
Rising Pune Supergiant,Kings XI Punjab,7,1
Rising Pune Supergiant,Kings XI Punjab,11,3
Rising Pune Supergiant,Kings XI Punjab,13,1
Rising Pune Supergiant,Kings XI Punjab,14,1
Rising Pune Supergiant,Kings XI Punjab,17,1
Rising Pune Supergiant,Kings XI Punjab,19,1
Rising Pune Supergiant,Kolkata Knight Riders,1,1
Rising Pune Supergiant,Kolkata Knight Riders,2,2
Rising Pune Supergiant,Kolkata Knight Riders,3,1
Rising Pune Supergiant,Kolkata Knight Riders,4,2
Rising Pune Supergiant,Kolkata Knight Riders,10,1
Rising Pune Supergiant,Kolkata Knight Riders,13,2
Rising Pune Supergiant,Kolkata Knight Riders,15,2
Rising Pune Supergiant,Mumbai Indians,1,1
Rising Pune Supergiant,Mumbai Indians,4,2
Rising Pune Supergiant,Mumbai Indians,5,1
Rising Pune Supergiant,Mumbai Indians,6,1
Rising Pune Supergiant,Mumbai Indians,8,1
Rising Pune Supergiant,Mumbai Indians,9,1
Rising Pune Supergiant,Mumbai Indians,11,2
Rising Pune Supergiant,Mumbai Indians,12,4
Rising Pune Supergiant,Mumbai Indians,13,1
Rising Pune Supergiant,Mumbai Indians,14,1
Rising Pune Supergiant,Mumbai Indians,15,2
Rising Pune Supergiant,Mumbai Indians,16,1
Rising Pune Supergiant,Mumbai Indians,17,1
Rising Pune Supergiant,Mumbai Indians,18,4
Rising Pune Supergiant,Mumbai Indians,19,2
Rising Pune Supergiant,Mumbai Indians,20,4
Rising Pune Supergiant,Royal Challengers Bangalore,4,1
Rising Pune Supergiant,Royal Challengers Bangalore,5,1
Rising Pune Supergiant,Royal Challengers Bangalore,8,1
Rising Pune Supergiant,Royal Challengers Bangalore,10,2
Rising Pune Supergiant,Royal Challengers Bangalore,11,1
Rising Pune Supergiant,Royal Challengers Bangalore,12,1
Rising Pune Supergiant,Royal Challengers Bangalore,15,1
Rising Pune Supergiant,Royal Challengers Bangalore,16,2
Rising Pune Supergiant,Royal Challengers Bangalore,20,1
Rising Pune Supergiant,Sunrisers Hyderabad,2,4
Rising Pune Supergiant,Sunrisers Hyderabad,10,1
Rising Pune Supergiant,Sunrisers Hyderabad,14,1
Rising Pune Supergiant,Sunrisers Hyderabad,15,1
Rising Pune Supergiant,Sunrisers Hyderabad,16,1
Rising Pune Supergiant,Sunrisers Hyderabad,19,2
Rising Pune Supergiants,Delhi Daredevils,3,1
Rising Pune Supergiants,Delhi Daredevils,5,1
Rising Pune Supergiants,Delhi Daredevils,10,1
Rising Pune Supergiants,Delhi Daredevils,11,1
Rising Pune Supergiants,Delhi Daredevils,12,1
Rising Pune Supergiants,Delhi Daredevils,13,1
Rising Pune Supergiants,Delhi Daredevils,18,4
Rising Pune Supergiants,Gujarat Lions,1,1
Rising Pune Supergiants,Gujarat Lions,2,1
Rising Pune Supergiants,Gujarat Lions,3,2
Rising Pune Supergiants,Gujarat Lions,4,1
Rising Pune Supergiants,Gujarat Lions,6,3
Rising Pune Supergiants,Gujarat Lions,10,1
Rising Pune Supergiants,Gujarat Lions,11,1
Rising Pune Supergiants,Gujarat Lions,14,1
Rising Pune Supergiants,Gujarat Lions,17,3
Rising Pune Supergiants,Gujarat Lions,18,2
Rising Pune Supergiants,Gujarat Lions,19,1
Rising Pune Supergiants,Gujarat Lions,20,1
Rising Pune Supergiants,Kings XI Punjab,2,2
Rising Pune Supergiants,Kings XI Punjab,3,1
Rising Pune Supergiants,Kings XI Punjab,5,3
Rising Pune Supergiants,Kolkata Knight Riders,1,2
Rising Pune Supergiants,Kolkata Knight Riders,3,1
Rising Pune Supergiants,Kolkata Knight Riders,4,4
Rising Pune Supergiants,Kolkata Knight Riders,5,2
Rising Pune Supergiants,Kolkata Knight Riders,6,1
Rising Pune Supergiants,Kolkata Knight Riders,14,1
Rising Pune Supergiants,Kolkata Knight Riders,17,1
Rising Pune Supergiants,Kolkata Knight Riders,19,1
Rising Pune Supergiants,Mumbai Indians,2,2
Rising Pune Supergiants,Mumbai Indians,4,2
Rising Pune Supergiants,Mumbai Indians,6,2
Rising Pune Supergiants,Mumbai Indians,7,1
Rising Pune Supergiants,Mumbai Indians,14,1
Rising Pune Supergiants,Mumbai Indians,17,2
Rising Pune Supergiants,Mumbai Indians,18,1
Rising Pune Supergiants,Mumbai Indians,19,1
Rising Pune Supergiants,Royal Challengers Bangalore,1,1
Rising Pune Supergiants,Royal Challengers Bangalore,2,1
Rising Pune Supergiants,Royal Challengers Bangalore,4,1
Rising Pune Supergiants,Royal Challengers Bangalore,6,1
Rising Pune Supergiants,Royal Challengers Bangalore,8,1
Rising Pune Supergiants,Royal Challengers Bangalore,9,2
Rising Pune Supergiants,Royal Challengers Bangalore,13,1
Rising Pune Supergiants,Royal Challengers Bangalore,16,2
Rising Pune Supergiants,Royal Challengers Bangalore,18,1
Rising Pune Supergiants,Royal Challengers Bangalore,19,2
Rising Pune Supergiants,Royal Challengers Bangalore,20,1
Rising Pune Supergiants,Sunrisers Hyderabad,1,1
Rising Pune Supergiants,Sunrisers Hyderabad,2,1
Rising Pune Supergiants,Sunrisers Hyderabad,5,1
Rising Pune Supergiants,Sunrisers Hyderabad,7,1
Rising Pune Supergiants,Sunrisers Hyderabad,8,1
Rising Pune Supergiants,Sunrisers Hyderabad,10,1
Rising Pune Supergiants,Sunrisers Hyderabad,15,1
Rising Pune Supergiants,Sunrisers Hyderabad,19,2
Royal Challengers Bangalore,Chennai Super Kings,1,8
Royal Challengers Bangalore,Chennai Super Kings,2,6
Royal Challengers Bangalore,Chennai Super Kings,3,8
Royal Challengers Bangalore,Chennai Super Kings,4,9
Royal Challengers Bangalore,Chennai Super Kings,5,3
Royal Challengers Bangalore,Chennai Super Kings,6,2
Royal Challengers Bangalore,Chennai Super Kings,7,6
Royal Challengers Bangalore,Chennai Super Kings,8,4
Royal Challengers Bangalore,Chennai Super Kings,9,6
Royal Challengers Bangalore,Chennai Super Kings,10,2
Royal Challengers Bangalore,Chennai Super Kings,11,2
Royal Challengers Bangalore,Chennai Super Kings,12,5
Royal Challengers Bangalore,Chennai Super Kings,13,5
Royal Challengers Bangalore,Chennai Super Kings,14,5
Royal Challengers Bangalore,Chennai Super Kings,15,4
Royal Challengers Bangalore,Chennai Super Kings,16,3
Royal Challengers Bangalore,Chennai Super Kings,17,6
Royal Challengers Bangalore,Chennai Super Kings,18,14
Royal Challengers Bangalore,Chennai Super Kings,19,7
Royal Challengers Bangalore,Chennai Super Kings,20,6
Royal Challengers Bangalore,Deccan Chargers,1,6
Royal Challengers Bangalore,Deccan Chargers,2,9
Royal Challengers Bangalore,Deccan Chargers,3,5
Royal Challengers Bangalore,Deccan Chargers,4,7
Royal Challengers Bangalore,Deccan Chargers,5,6
Royal Challengers Bangalore,Deccan Chargers,6,2
Royal Challengers Bangalore,Deccan Chargers,7,1
Royal Challengers Bangalore,Deccan Chargers,8,2
Royal Challengers Bangalore,Deccan Chargers,9,6
Royal Challengers Bangalore,Deccan Chargers,10,5
Royal Challengers Bangalore,Deccan Chargers,12,5
Royal Challengers Bangalore,Deccan Chargers,13,3
Royal Challengers Bangalore,Deccan Chargers,14,3
Royal Challengers Bangalore,Deccan Chargers,15,2
Royal Challengers Bangalore,Deccan Chargers,16,2
Royal Challengers Bangalore,Deccan Chargers,17,3
Royal Challengers Bangalore,Deccan Chargers,18,2
Royal Challengers Bangalore,Deccan Chargers,19,3
Royal Challengers Bangalore,Deccan Chargers,20,4
Royal Challengers Bangalore,Delhi Daredevils,1,11
Royal Challengers Bangalore,Delhi Daredevils,2,7
Royal Challengers Bangalore,Delhi Daredevils,3,6
Royal Challengers Bangalore,Delhi Daredevils,4,8
Royal Challengers Bangalore,Delhi Daredevils,5,6
Royal Challengers Bangalore,Delhi Daredevils,6,1
Royal Challengers Bangalore,Delhi Daredevils,7,3
Royal Challengers Bangalore,Delhi Daredevils,8,3
Royal Challengers Bangalore,Delhi Daredevils,9,3
Royal Challengers Bangalore,Delhi Daredevils,10,6
Royal Challengers Bangalore,Delhi Daredevils,12,5
Royal Challengers Bangalore,Delhi Daredevils,13,8
Royal Challengers Bangalore,Delhi Daredevils,14,8
Royal Challengers Bangalore,Delhi Daredevils,15,7
Royal Challengers Bangalore,Delhi Daredevils,16,2
Royal Challengers Bangalore,Delhi Daredevils,17,14
Royal Challengers Bangalore,Delhi Daredevils,18,3
Royal Challengers Bangalore,Delhi Daredevils,19,11
Royal Challengers Bangalore,Delhi Daredevils,20,5
Royal Challengers Bangalore,Gujarat Lions,1,2
Royal Challengers Bangalore,Gujarat Lions,3,1
Royal Challengers Bangalore,Gujarat Lions,4,5
Royal Challengers Bangalore,Gujarat Lions,6,3
Royal Challengers Bangalore,Gujarat Lions,7,6
Royal Challengers Bangalore,Gujarat Lions,9,5
Royal Challengers Bangalore,Gujarat Lions,10,3
Royal Challengers Bangalore,Gujarat Lions,11,2
Royal Challengers Bangalore,Gujarat Lions,12,1
Royal Challengers Bangalore,Gujarat Lions,13,4
Royal Challengers Bangalore,Gujarat Lions,14,2
Royal Challengers Bangalore,Gujarat Lions,15,2
Royal Challengers Bangalore,Gujarat Lions,16,1
Royal Challengers Bangalore,Gujarat Lions,17,1
Royal Challengers Bangalore,Gujarat Lions,18,4
Royal Challengers Bangalore,Gujarat Lions,19,2
Royal Challengers Bangalore,Gujarat Lions,20,2
Royal Challengers Bangalore,Kings XI Punjab,1,13
Royal Challengers Bangalore,Kings XI Punjab,2,13
Royal Challengers Bangalore,Kings XI Punjab,3,11
Royal Challengers Bangalore,Kings XI Punjab,4,6
Royal Challengers Bangalore,Kings XI Punjab,5,7
Royal Challengers Bangalore,Kings XI Punjab,6,8
Royal Challengers Bangalore,Kings XI Punjab,7,3
Royal Challengers Bangalore,Kings XI Punjab,8,9
Royal Challengers Bangalore,Kings XI Punjab,9,6
Royal Challengers Bangalore,Kings XI Punjab,10,7
Royal Challengers Bangalore,Kings XI Punjab,11,6
Royal Challengers Bangalore,Kings XI Punjab,12,9
Royal Challengers Bangalore,Kings XI Punjab,13,6
Royal Challengers Bangalore,Kings XI Punjab,14,7
Royal Challengers Bangalore,Kings XI Punjab,15,6
Royal Challengers Bangalore,Kings XI Punjab,16,7
Royal Challengers Bangalore,Kings XI Punjab,17,6
Royal Challengers Bangalore,Kings XI Punjab,18,10
Royal Challengers Bangalore,Kings XI Punjab,19,4
Royal Challengers Bangalore,Kings XI Punjab,20,7
Royal Challengers Bangalore,Kochi Tuskers Kerala,1,1
Royal Challengers Bangalore,Kochi Tuskers Kerala,3,1
Royal Challengers Bangalore,Kochi Tuskers Kerala,5,1
Royal Challengers Bangalore,Kochi Tuskers Kerala,6,1
Royal Challengers Bangalore,Kochi Tuskers Kerala,7,1
Royal Challengers Bangalore,Kochi Tuskers Kerala,9,3
Royal Challengers Bangalore,Kochi Tuskers Kerala,11,1
Royal Challengers Bangalore,Kochi Tuskers Kerala,12,1
Royal Challengers Bangalore,Kochi Tuskers Kerala,13,3
Royal Challengers Bangalore,Kochi Tuskers Kerala,15,1
Royal Challengers Bangalore,Kochi Tuskers Kerala,18,1
Royal Challengers Bangalore,Kochi Tuskers Kerala,20,1
Royal Challengers Bangalore,Kolkata Knight Riders,1,11
Royal Challengers Bangalore,Kolkata Knight Riders,2,6
Royal Challengers Bangalore,Kolkata Knight Riders,3,8
Royal Challengers Bangalore,Kolkata Knight Riders,4,7
Royal Challengers Bangalore,Kolkata Knight Riders,5,4
Royal Challengers Bangalore,Kolkata Knight Riders,6,6
Royal Challengers Bangalore,Kolkata Knight Riders,7,6
Royal Challengers Bangalore,Kolkata Knight Riders,8,2
Royal Challengers Bangalore,Kolkata Knight Riders,9,8
Royal Challengers Bangalore,Kolkata Knight Riders,10,11
Royal Challengers Bangalore,Kolkata Knight Riders,11,4
Royal Challengers Bangalore,Kolkata Knight Riders,12,4
Royal Challengers Bangalore,Kolkata Knight Riders,13,9
Royal Challengers Bangalore,Kolkata Knight Riders,14,5
Royal Challengers Bangalore,Kolkata Knight Riders,15,3
Royal Challengers Bangalore,Kolkata Knight Riders,16,3
Royal Challengers Bangalore,Kolkata Knight Riders,17,6
Royal Challengers Bangalore,Kolkata Knight Riders,18,8
Royal Challengers Bangalore,Kolkata Knight Riders,19,4
Royal Challengers Bangalore,Kolkata Knight Riders,20,13
Royal Challengers Bangalore,Mumbai Indians,1,8
Royal Challengers Bangalore,Mumbai Indians,2,13
Royal Challengers Bangalore,Mumbai Indians,3,15
Royal Challengers Bangalore,Mumbai Indians,4,7
Royal Challengers Bangalore,Mumbai Indians,5,16
Royal Challengers Bangalore,Mumbai Indians,6,8
Royal Challengers Bangalore,Mumbai Indians,7,5
Royal Challengers Bangalore,Mumbai Indians,8,9
Royal Challengers Bangalore,Mumbai Indians,9,8
Royal Challengers Bangalore,Mumbai Indians,10,4
Royal Challengers Bangalore,Mumbai Indians,11,2
Royal Challengers Bangalore,Mumbai Indians,12,4
Royal Challengers Bangalore,Mumbai Indians,13,4
Royal Challengers Bangalore,Mumbai Indians,14,5
Royal Challengers Bangalore,Mumbai Indians,15,7
Royal Challengers Bangalore,Mumbai Indians,16,13
Royal Challengers Bangalore,Mumbai Indians,17,13
Royal Challengers Bangalore,Mumbai Indians,18,4
Royal Challengers Bangalore,Mumbai Indians,19,5
Royal Challengers Bangalore,Mumbai Indians,20,9
Royal Challengers Bangalore,Pune Warriors,1,2
Royal Challengers Bangalore,Pune Warriors,2,3
Royal Challengers Bangalore,Pune Warriors,4,2
Royal Challengers Bangalore,Pune Warriors,5,2
Royal Challengers Bangalore,Pune Warriors,6,1
Royal Challengers Bangalore,Pune Warriors,7,1
Royal Challengers Bangalore,Pune Warriors,8,2
Royal Challengers Bangalore,Pune Warriors,10,3
Royal Challengers Bangalore,Pune Warriors,11,3
Royal Challengers Bangalore,Pune Warriors,12,1
Royal Challengers Bangalore,Pune Warriors,15,2
Royal Challengers Bangalore,Pune Warriors,17,3
Royal Challengers Bangalore,Pune Warriors,18,1
Royal Challengers Bangalore,Pune Warriors,19,2
Royal Challengers Bangalore,Pune Warriors,20,2
Royal Challengers Bangalore,Rajasthan Royals,1,10
Royal Challengers Bangalore,Rajasthan Royals,2,4
Royal Challengers Bangalore,Rajasthan Royals,3,2
Royal Challengers Bangalore,Rajasthan Royals,4,8
Royal Challengers Bangalore,Rajasthan Royals,5,5
Royal Challengers Bangalore,Rajasthan Royals,6,3
Royal Challengers Bangalore,Rajasthan Royals,7,3
Royal Challengers Bangalore,Rajasthan Royals,8,3
Royal Challengers Bangalore,Rajasthan Royals,9,2
Royal Challengers Bangalore,Rajasthan Royals,10,3
Royal Challengers Bangalore,Rajasthan Royals,11,3
Royal Challengers Bangalore,Rajasthan Royals,12,3
Royal Challengers Bangalore,Rajasthan Royals,13,5
Royal Challengers Bangalore,Rajasthan Royals,14,3
Royal Challengers Bangalore,Rajasthan Royals,15,7
Royal Challengers Bangalore,Rajasthan Royals,16,2
Royal Challengers Bangalore,Rajasthan Royals,17,3
Royal Challengers Bangalore,Rajasthan Royals,18,2
Royal Challengers Bangalore,Rajasthan Royals,19,4
Royal Challengers Bangalore,Rajasthan Royals,20,4
Royal Challengers Bangalore,Rising Pune Supergiant,1,1
Royal Challengers Bangalore,Rising Pune Supergiant,3,1
Royal Challengers Bangalore,Rising Pune Supergiant,6,1
Royal Challengers Bangalore,Rising Pune Supergiant,7,1
Royal Challengers Bangalore,Rising Pune Supergiant,11,1
Royal Challengers Bangalore,Rising Pune Supergiant,13,1
Royal Challengers Bangalore,Rising Pune Supergiant,14,2
Royal Challengers Bangalore,Rising Pune Supergiant,15,1
Royal Challengers Bangalore,Rising Pune Supergiant,17,1
Royal Challengers Bangalore,Rising Pune Supergiant,19,1
Royal Challengers Bangalore,Rising Pune Supergiant,20,2
Royal Challengers Bangalore,Rising Pune Supergiants,3,1
Royal Challengers Bangalore,Rising Pune Supergiants,5,1
Royal Challengers Bangalore,Rising Pune Supergiants,7,1
Royal Challengers Bangalore,Rising Pune Supergiants,10,2
Royal Challengers Bangalore,Rising Pune Supergiants,14,2
Royal Challengers Bangalore,Rising Pune Supergiants,15,3
Royal Challengers Bangalore,Rising Pune Supergiants,16,1
Royal Challengers Bangalore,Rising Pune Supergiants,17,2
Royal Challengers Bangalore,Rising Pune Supergiants,19,1
Royal Challengers Bangalore,Sunrisers Hyderabad,1,5
Royal Challengers Bangalore,Sunrisers Hyderabad,2,6
Royal Challengers Bangalore,Sunrisers Hyderabad,3,3
Royal Challengers Bangalore,Sunrisers Hyderabad,4,3
Royal Challengers Bangalore,Sunrisers Hyderabad,5,4
Royal Challengers Bangalore,Sunrisers Hyderabad,6,6
Royal Challengers Bangalore,Sunrisers Hyderabad,7,4
Royal Challengers Bangalore,Sunrisers Hyderabad,9,4
Royal Challengers Bangalore,Sunrisers Hyderabad,10,2
Royal Challengers Bangalore,Sunrisers Hyderabad,12,3
Royal Challengers Bangalore,Sunrisers Hyderabad,13,3
Royal Challengers Bangalore,Sunrisers Hyderabad,14,2
Royal Challengers Bangalore,Sunrisers Hyderabad,15,5
Royal Challengers Bangalore,Sunrisers Hyderabad,16,2
Royal Challengers Bangalore,Sunrisers Hyderabad,17,8
Royal Challengers Bangalore,Sunrisers Hyderabad,18,7
Royal Challengers Bangalore,Sunrisers Hyderabad,19,4
Royal Challengers Bangalore,Sunrisers Hyderabad,20,4
Sunrisers Hyderabad,Chennai Super Kings,2,5
Sunrisers Hyderabad,Chennai Super Kings,3,5
Sunrisers Hyderabad,Chennai Super Kings,4,3
Sunrisers Hyderabad,Chennai Super Kings,5,2
Sunrisers Hyderabad,Chennai Super Kings,6,1
Sunrisers Hyderabad,Chennai Super Kings,7,1
Sunrisers Hyderabad,Chennai Super Kings,8,2
Sunrisers Hyderabad,Chennai Super Kings,9,4
Sunrisers Hyderabad,Chennai Super Kings,12,2
Sunrisers Hyderabad,Chennai Super Kings,14,1
Sunrisers Hyderabad,Chennai Super Kings,15,2
Sunrisers Hyderabad,Chennai Super Kings,16,3
Sunrisers Hyderabad,Chennai Super Kings,17,3
Sunrisers Hyderabad,Chennai Super Kings,18,1
Sunrisers Hyderabad,Chennai Super Kings,19,1
Sunrisers Hyderabad,Chennai Super Kings,20,5
Sunrisers Hyderabad,Delhi Daredevils,1,5
Sunrisers Hyderabad,Delhi Daredevils,2,2
Sunrisers Hyderabad,Delhi Daredevils,3,3
Sunrisers Hyderabad,Delhi Daredevils,4,2
Sunrisers Hyderabad,Delhi Daredevils,5,4
Sunrisers Hyderabad,Delhi Daredevils,6,4
Sunrisers Hyderabad,Delhi Daredevils,7,2
Sunrisers Hyderabad,Delhi Daredevils,8,2
Sunrisers Hyderabad,Delhi Daredevils,9,1
Sunrisers Hyderabad,Delhi Daredevils,10,2
Sunrisers Hyderabad,Delhi Daredevils,11,3
Sunrisers Hyderabad,Delhi Daredevils,13,4
Sunrisers Hyderabad,Delhi Daredevils,14,2
Sunrisers Hyderabad,Delhi Daredevils,15,1
Sunrisers Hyderabad,Delhi Daredevils,16,2
Sunrisers Hyderabad,Delhi Daredevils,17,7
Sunrisers Hyderabad,Delhi Daredevils,18,4
Sunrisers Hyderabad,Delhi Daredevils,19,4
Sunrisers Hyderabad,Delhi Daredevils,20,3
Sunrisers Hyderabad,Gujarat Lions,1,1
Sunrisers Hyderabad,Gujarat Lions,2,1
Sunrisers Hyderabad,Gujarat Lions,3,1
Sunrisers Hyderabad,Gujarat Lions,4,2
Sunrisers Hyderabad,Gujarat Lions,5,1
Sunrisers Hyderabad,Gujarat Lions,6,1
Sunrisers Hyderabad,Gujarat Lions,7,4
Sunrisers Hyderabad,Gujarat Lions,9,2
Sunrisers Hyderabad,Gujarat Lions,10,2
Sunrisers Hyderabad,Gujarat Lions,13,1
Sunrisers Hyderabad,Gujarat Lions,16,2
Sunrisers Hyderabad,Gujarat Lions,18,2
Sunrisers Hyderabad,Gujarat Lions,19,2
Sunrisers Hyderabad,Gujarat Lions,20,2
Sunrisers Hyderabad,Kings XI Punjab,1,1
Sunrisers Hyderabad,Kings XI Punjab,2,3
Sunrisers Hyderabad,Kings XI Punjab,3,5
Sunrisers Hyderabad,Kings XI Punjab,4,2
Sunrisers Hyderabad,Kings XI Punjab,6,5
Sunrisers Hyderabad,Kings XI Punjab,7,2
Sunrisers Hyderabad,Kings XI Punjab,8,5
Sunrisers Hyderabad,Kings XI Punjab,9,1
Sunrisers Hyderabad,Kings XI Punjab,10,2
Sunrisers Hyderabad,Kings XI Punjab,11,1
Sunrisers Hyderabad,Kings XI Punjab,12,1
Sunrisers Hyderabad,Kings XI Punjab,13,3
Sunrisers Hyderabad,Kings XI Punjab,14,2
Sunrisers Hyderabad,Kings XI Punjab,15,8
Sunrisers Hyderabad,Kings XI Punjab,16,3
Sunrisers Hyderabad,Kings XI Punjab,17,2
Sunrisers Hyderabad,Kings XI Punjab,18,3
Sunrisers Hyderabad,Kings XI Punjab,19,4
Sunrisers Hyderabad,Kings XI Punjab,20,2
Sunrisers Hyderabad,Kolkata Knight Riders,1,1
Sunrisers Hyderabad,Kolkata Knight Riders,2,5
Sunrisers Hyderabad,Kolkata Knight Riders,3,3
Sunrisers Hyderabad,Kolkata Knight Riders,4,5
Sunrisers Hyderabad,Kolkata Knight Riders,5,4
Sunrisers Hyderabad,Kolkata Knight Riders,6,5
Sunrisers Hyderabad,Kolkata Knight Riders,7,2
Sunrisers Hyderabad,Kolkata Knight Riders,9,3
Sunrisers Hyderabad,Kolkata Knight Riders,10,2
Sunrisers Hyderabad,Kolkata Knight Riders,11,1
Sunrisers Hyderabad,Kolkata Knight Riders,12,2
Sunrisers Hyderabad,Kolkata Knight Riders,13,1
Sunrisers Hyderabad,Kolkata Knight Riders,15,3
Sunrisers Hyderabad,Kolkata Knight Riders,16,5
Sunrisers Hyderabad,Kolkata Knight Riders,17,3
Sunrisers Hyderabad,Kolkata Knight Riders,18,3
Sunrisers Hyderabad,Kolkata Knight Riders,19,5
Sunrisers Hyderabad,Kolkata Knight Riders,20,2
Sunrisers Hyderabad,Mumbai Indians,1,3
Sunrisers Hyderabad,Mumbai Indians,2,6
Sunrisers Hyderabad,Mumbai Indians,3,2
Sunrisers Hyderabad,Mumbai Indians,4,6
Sunrisers Hyderabad,Mumbai Indians,5,3
Sunrisers Hyderabad,Mumbai Indians,7,5
Sunrisers Hyderabad,Mumbai Indians,9,2
Sunrisers Hyderabad,Mumbai Indians,10,2
Sunrisers Hyderabad,Mumbai Indians,11,4
Sunrisers Hyderabad,Mumbai Indians,13,2
Sunrisers Hyderabad,Mumbai Indians,14,4
Sunrisers Hyderabad,Mumbai Indians,15,1
Sunrisers Hyderabad,Mumbai Indians,16,5
Sunrisers Hyderabad,Mumbai Indians,17,5
Sunrisers Hyderabad,Mumbai Indians,18,6
Sunrisers Hyderabad,Mumbai Indians,19,3
Sunrisers Hyderabad,Mumbai Indians,20,7
Sunrisers Hyderabad,Pune Warriors,6,1
Sunrisers Hyderabad,Pune Warriors,7,1
Sunrisers Hyderabad,Rajasthan Royals,1,1
Sunrisers Hyderabad,Rajasthan Royals,2,1
Sunrisers Hyderabad,Rajasthan Royals,3,1
Sunrisers Hyderabad,Rajasthan Royals,4,3
Sunrisers Hyderabad,Rajasthan Royals,5,4
Sunrisers Hyderabad,Rajasthan Royals,6,2
Sunrisers Hyderabad,Rajasthan Royals,7,2
Sunrisers Hyderabad,Rajasthan Royals,8,2
Sunrisers Hyderabad,Rajasthan Royals,9,2
Sunrisers Hyderabad,Rajasthan Royals,10,1
Sunrisers Hyderabad,Rajasthan Royals,12,2
Sunrisers Hyderabad,Rajasthan Royals,13,1
Sunrisers Hyderabad,Rajasthan Royals,14,1
Sunrisers Hyderabad,Rajasthan Royals,15,2
Sunrisers Hyderabad,Rajasthan Royals,16,1
Sunrisers Hyderabad,Rajasthan Royals,17,1
Sunrisers Hyderabad,Rajasthan Royals,18,3
Sunrisers Hyderabad,Rajasthan Royals,19,2
Sunrisers Hyderabad,Rajasthan Royals,20,1
Sunrisers Hyderabad,Rising Pune Supergiant,2,1
Sunrisers Hyderabad,Rising Pune Supergiant,6,1
Sunrisers Hyderabad,Rising Pune Supergiant,9,1
Sunrisers Hyderabad,Rising Pune Supergiant,13,1
Sunrisers Hyderabad,Rising Pune Supergiant,14,1
Sunrisers Hyderabad,Rising Pune Supergiant,17,1
Sunrisers Hyderabad,Rising Pune Supergiant,18,1
Sunrisers Hyderabad,Rising Pune Supergiant,19,2
Sunrisers Hyderabad,Rising Pune Supergiant,20,1
Sunrisers Hyderabad,Rising Pune Supergiants,1,1
Sunrisers Hyderabad,Rising Pune Supergiants,2,1
Sunrisers Hyderabad,Rising Pune Supergiants,4,2
Sunrisers Hyderabad,Rising Pune Supergiants,5,3
Sunrisers Hyderabad,Rising Pune Supergiants,6,1
Sunrisers Hyderabad,Rising Pune Supergiants,9,1
Sunrisers Hyderabad,Rising Pune Supergiants,11,1
Sunrisers Hyderabad,Rising Pune Supergiants,16,1
Sunrisers Hyderabad,Rising Pune Supergiants,18,1
Sunrisers Hyderabad,Royal Challengers Bangalore,1,5
Sunrisers Hyderabad,Royal Challengers Bangalore,2,4
Sunrisers Hyderabad,Royal Challengers Bangalore,3,6
Sunrisers Hyderabad,Royal Challengers Bangalore,4,4
Sunrisers Hyderabad,Royal Challengers Bangalore,5,2
Sunrisers Hyderabad,Royal Challengers Bangalore,6,2
Sunrisers Hyderabad,Royal Challengers Bangalore,7,2
Sunrisers Hyderabad,Royal Challengers Bangalore,8,2
Sunrisers Hyderabad,Royal Challengers Bangalore,9,1
Sunrisers Hyderabad,Royal Challengers Bangalore,10,2
Sunrisers Hyderabad,Royal Challengers Bangalore,11,2
Sunrisers Hyderabad,Royal Challengers Bangalore,13,3
Sunrisers Hyderabad,Royal Challengers Bangalore,15,3
Sunrisers Hyderabad,Royal Challengers Bangalore,16,4
Sunrisers Hyderabad,Royal Challengers Bangalore,17,3
Sunrisers Hyderabad,Royal Challengers Bangalore,18,5
Sunrisers Hyderabad,Royal Challengers Bangalore,19,6
Sunrisers Hyderabad,Royal Challengers Bangalore,20,1
